date,open,high,low,close,volume,amount
2021-08-02,286.79187890294,296.05469021616,274.37281226175,284.21744551961,18297279,10131832068.13
2021-08-03,285.7621055496,286.27699222627,269.28573189629,273.40482530962,12238308,6535093739.81
2021-08-04,274.94948533962,293.99514350949,270.31550524963,292.97051902293,17400431,9647161978.27
2021-08-05,291.42585899293,291.42585899293,281.40101539824,286.79187890294,12979233,7197921132.82
2021-08-06,290.80284611416,291.9407456696,277.52391872295,280.03656570508,14371245,7918384463.82
2021-08-09,273.91971198629,274.17715532462,258.98284949621,265.68152515963,18583111,9534234240.43
2021-08-10,263.11224064307,267.3240136582,256.92845165631,262.84964843797,18016853,9152881562.62
2021-08-11,262.59220509964,269.28573189629,259.95598531511,266.32513350546,11236434,5790098627.49
2021-08-12,263.62712731973,264.13171626287,254.35401827298,258.47311168631,17116184,8599262131.01
2021-08-13,247.14560479966,272.83844996529,247.14560479966,258.49885602014,27725763,14085448989.05
2021-08-16,254.35401827298,259.44624750521,241.9349516318,245.60094476966,22043980,10620462840.25
2021-08-17,249.72003818299,254.76592761431,245.72451757206,247.14560479966,15610638,7586087133.68
2021-08-18,250.51296366505,258.93650969531,245.81204830709,254.86890494965,15957481,7861906061.17
2021-08-19,258.47311168631,262.45318569694,249.20515150632,258.98799836297,14453518,7215253955.37
2021-08-20,256.92845165631,257.03142899164,248.43282149132,254.41065580741,12527606,6160678537.9
2021-08-23,260.01777171631,269.39900696516,258.47826055308,268.71935655196,16224431,8359923041.06
2021-08-24,265.8874798303,278.09029406728,265.22842488417,269.28573189629,13313712,7011227150
2021-08-25,269.80061857296,274.02268932162,263.21006911164,273.01351143536,9530347,4963866861.09
2021-08-26,278.02850766608,287.79075905567,268.19932100853,268.25595854296,16798255,8951110526.85
2021-08-27,267.7410718663,269.80061857296,258.47311168631,261.30498840797,11958157,6098898952.57
2021-08-30,261.27924407414,270.72741459096,256.85636752158,260.14134451871,15714333,8036791726.73
2021-08-31,263.59108525237,263.59108525237,250.15769185815,254.80196968168,14762087,7288932626.770001
2021-09-01,253.32424491965,254.35401827298,242.769068048,251.63026775342,14462675,7006043909.9
2021-09-02,253.32424491965,255.44042916075,250.12164979079,254.09657493465,11464887,5637614465.94
2021-09-03,256.41356497964,259.44109863844,247.59870507512,250.49236819799,11282023,5523301032.38
2021-09-06,253.83913159631,266.71129851296,248.69026482966,265.7330138273,14791957,7471544141.65
2021-09-07,265.16663848297,271.17021713289,262.59220509964,264.65690067307,9422232,4866454172.22
2021-09-08,267.22618518963,269.58436616876,257.44333833298,258.98799836297,9739395,4960557751.53
2021-09-09,262.3347617613,267.2158874561,252.70638090765,261.15052240497,11016209,5541869353.34
2021-09-10,254.06568173405,259.38960997077,252.64459450645,258.52460035398,11296936,5625272662.43
2021-09-13,258.52460035398,263.67346712063,255.38379162631,258.88502102764,8968966,4498932655.14
2021-09-14,261.10933147084,278.55369207628,258.94680742884,272.83844996529,23383657,12347086768.78
2021-09-15,272.88993863296,273.91456311952,263.5241499844,270.49571558646,10501454,5470153200.69
2021-09-16,269.28573189629,269.28573189629,256.41356497964,256.41356497964,11260408,5712849969.45
2021-09-17,255.89867830298,262.07731842297,253.39118018762,258.98799836297,8193837,4095076761.76
2021-09-22,254.66295027898,257.95822500964,251.31618688065,253.99874646608,6423920,3170987210.07
2021-09-23,259.94568758157,259.94568758157,253.22126758432,253.83398272955,7971421,3955499103.71
2021-09-24,254.80196968168,263.88457065807,252.55191490465,257.43304059944,10262492,5155614316.07
2021-09-27,260.01777171631,267.63809453096,257.33521213088,264.39430846797,14496264,7441411134.81
2021-09-28,263.62197845297,266.68555417913,256.51654231498,257.66473960394,9222505,4682091359.49
2021-09-29,255.38379162631,263.51900111763,254.35401827298,258.73570389141,9395464,4739177462.63
2021-09-30,260.01777171631,274.17715532462,258.47826055308,270.69137252359,16714235,8696962248.11
2021-10-08,274.94948533962,283.22371423364,269.23424322863,274.94948533962,12516925,6710477515.55
2021-10-11,275.46437201628,276.80307737562,266.74219171356,268.25595854296,7830888,4112416011.4
2021-10-12,268.55459281543,269.09007495916,256.86666525511,260.01777171631,9590683,4879529812.42
2021-10-13,260.01777171631,269.02828855796,259.50288503964,268.90471575556,7652244,3950317431.22
2021-10-14,270.31550524963,275.40258561509,270.31550524963,274.07417798929,7841554,4161069009.13
2021-10-15,273.91971198629,298.05245052162,271.91165394729,292.97051902293,22951299,12822713734.87
2021-10-18,299.14915914292,306.48114541864,293.48540569959,306.36787034978,18670216,10933506377.62
2021-10-19,310.99155270624,316.64500841603,301.20870584958,304.09207123891,15088955,8990013549.6
2021-10-20,306.35757261624,315.82118973336,302.23847920291,303.52569589458,12466583,7444464950.09
2021-10-21,303.78313923291,308.41711932291,298.63427246625,306.87245929291,10142297,6008461971.03
2021-10-22,312.01102832603,312.01102832603,303.95305183621,309.6528473469,11021603,6612493209.14
2021-10-25,315.11064611956,321.88655478449,310.64657863287,314.47733550726,14052090,8636989621.97
2021-10-26,327.34435355715,328.74484531768,306.83641722554,307.89708377947,14827692,9075608784.6
2021-10-27,307.89708377947,316.67590161663,305.41532999794,316.67590161663,13548574,8191755889.74
2021-10-28,321.80417291622,326.95303968288,310.4406239622,312.63919007157,17282868,10650216882.86
2021-10-29,316.80462328579,332.35420092111,308.38622612231,329.12586145841,20268702,12687999698.06
2021-11-01,330.04235974288,349.60805345618,324.96042824418,334.67633983287,22179659,14502525103.64
2021-11-02,337.2507732162,342.79095385713,333.64656647954,338.7954332462,13140789,8630072694.35
2021-11-03,335.19122650954,337.7759576264,323.34883294622,329.52747306621,12760630,8165156864.72
2021-11-04,333.64656647954,337.2507732162,327.49367069338,333.05444680137,9201009,5951843600.42
2021-11-05,329.01258638954,334.563064764,326.43300413945,326.48449280711,8555085,5465118685.46
2021-11-08,327.98281303621,342.38934224933,324.89349297622,340.23711594086,12269565,8026800882.270001
2021-11-09,343.81042947692,343.94430001286,336.28793513083,341.51403489899,6674583,4413176640.35
2021-11-10,335.2581617775,338.0076566309,326.95303968288,333.64656647954,12739826,8216658651.91
2021-11-11,335.19122650954,342.46657525083,334.72782850054,337.68842689137,7701413,5069135677.35
2021-11-12,338.28054656953,340.78289581813,326.39696207208,330.04235974288,11420150,7312301472.1
2021-11-15,330.03721087611,330.03721087611,313.03050394583,319.22973953289,14007599,8684428486.27
2021-11-16,319.22973953289,321.86595931742,312.53621273623,316.63985954926,8433513,5202056654.99
2021-11-17,320.77439956289,324.60000757052,317.97341604183,322.25727319169,7561643,4721304801.75
2021-11-18,322.25727319169,327.80775156615,315.92931593546,322.31905959289,7527274,4697499805.41
2021-11-19,324.89349297622,329.01258638954,319.25548386672,329.01258638954,8456790,5343617369.66
2021-11-22,332.09675758277,350.63782680951,330.61388395398,350.63782680951,15308991,10215261575.49
2021-11-23,350.28255500261,350.28255500261,342.91452665952,346.00384671952,9931174,6671378514.59
2021-11-24,345.06160410122,347.96041609085,334.85140130294,339.20734258753,8550354,5653890107.47
2021-11-25,336.22099986287,339.05287658453,332.25122358577,336.73588653953,5822028,3798078532.39
2021-11-26,335.19122650954,344.35620935419,335.19122650954,338.7954332462,5850222,3865245640.55
2021-11-29,336.73588653953,352.43993017784,336.22099986287,350.01996279752,11465261,7758115212.05
2021-11-30,352.57380071378,353.03719872278,346.68864599949,350.12294013285,7188131,4874671005.49
2021-12-01,350.12294013285,352.69222464941,341.94139084063,346.00384671952,6984571,4696868393.24
2021-12-02,345.99354898599,354.85989755817,344.45918668952,354.24203354618,9178956,6268320478.24
2021-12-03,354.73632475578,356.30158025284,345.48896004285,353.72714686951,8078164,5501798477.22
2021-12-06,348.11488209385,350.22591746818,337.76565989287,338.424714839,11261215,7509355191.61
2021-12-07,340.85497995286,341.36986662953,315.2136234549,323.86371962288,22139147,13913426092.22
2021-12-08,326.84491348078,331.98863138067,322.44778126205,329.01258638954,11886602,7580712087.91
2021-12-09,329.01258638954,329.52747306621,320.72291089522,326.33517567088,13427209,8443913158.9
2021-12-10,320.37278795509,336.40635906647,319.83730581136,329.50172873238,21384418,13738235947.25
2021-12-13,329.47598439854,340.16503180613,324.41979723368,338.9807924498,16082778,10409792154.63
2021-12-14,338.4556080396,338.4556080396,331.57672203934,335.1963753763,8781080,5704000135.35
2021-12-15,334.38285442717,340.3400932762,333.10593546904,334.1614531562,7048016,4606545054.18
2021-12-16,338.43501257253,338.43501257253,333.17287073701,337.2816664168,6150222,4018260859.3
2021-12-17,335.1963753763,336.73073767277,329.37300706321,335.2890549781,13649081,8863377800.11
2021-12-20,334.1614531562,334.1614531562,312.88633567637,314.18899896833,15511352,9648533093.77
2021-12-21,312.02132605957,316.49569127979,305.88387687371,311.0275947736,12565780,7553655489.85
2021-12-22,313.46300875423,317.68507950289,310.47666602957,314.20444556863,8361840,5103433201.98
2021-12-23,318.70455512269,324.79051564088,315.1518370537,320.29555495359,7971819,4954754967.520001
2021-12-24,321.28928623955,321.93289458539,289.88119896293,296.98663510092,24608084,14321299320.47
2021-12-27,295.64792974159,302.74821701281,295.28750906792,297.91343111892,10183543,5915820121.37
2021-12-28,297.60449911292,302.38264747238,293.43906589869,301.20870584958,9659574,5589310230.32
2021-12-29,301.20870584958,301.71844365948,293.37213063073,296.34302675509,9963963,5731323286.03
2021-12-30,297.08961243626,307.02177642914,296.35332448862,303.78313923291,12420946,7323088709.6
2021-12-31,308.05669864924,312.0161771928,299.66404581958,302.75336587958,9371117,5540408920.97
2022-01-04,312.02132605957,312.53621273623,288.8514256096,292.90873262173,17456845,9975828427.53
2022-01-05,291.6318136636,291.8789592684,278.03880539961,281.90045547461,16657881,9167983226.16
2022-01-06,277.27162425138,281.64301213628,273.81158578419,278.79568881431,13882602,7480050944.24
2022-01-07,283.18767216627,286.27699222627,271.86016527962,277.98731673195,13169468,7135966663.6
2022-01-10,275.45407428275,282.67278548961,269.92419137536,277.21498671695,14862906,7964179734.57
2022-01-11,278.61032961071,283.13618349861,276.19036223038,276.33967936662,8472277,4582697695.68
2022-01-12,283.70255884294,293.46481023253,283.65107017527,290.93156778333,19164163,10752974048.44
2022-01-13,294.00029237626,299.66404581958,285.62823501367,290.91097231626,13899742,7924626260.7
2022-01-14,286.82277210354,299.04618180759,286.27699222627,297.29556710692,11612818,6663124572.020001
2022-01-17,303.19616842151,313.30854275123,298.01640845425,312.45897973473,14352844,8591412091.32
2022-01-18,312.45897973473,312.93267547727,301.72359252625,302.13550186758,10701672,6345099027.84
2022-01-19,303.52569589458,306.35757261624,287.56420891793,293.48025683283,14487439,8273655033.16
2022-01-20,291.42585899293,297.60449911292,290.06140929976,293.03745429089,8065361,4600905692.78
2022-01-21,289.88119896293,298.42831779559,284.21744551961,293.22281349449,9917398,5620817937.89
2022-01-24,290.3960856396,304.94678312218,287.82680112303,299.14401027615,11562129,6686725178.48
2022-01-25,295.13819193169,300.34884509955,290.91097231626,291.21990432226,7199229,4119696709.72
2022-01-26,294.41220171759,304.09207123891,291.68330233126,302.49592254125,11603676,6718821593.41
2022-01-27,301.20870584958,306.35242374948,293.48540569959,296.05469021616,12948188,7546107243.45
2022-01-28,306.15161794558,310.99155270624,293.71195583733,305.12184459224,24331734,14395957436.72
2022-02-07,312.02132605957,314.0705750327,295.63763200806,298.34593592732,14528859,8588397059.17
2022-02-08,298.34593592732,298.34593592732,268.67816561783,278.48160794155,20650297,11166726687.48
2022-02-09,277.52391872295,283.65107017527,271.34527860296,281.74598947161,11494712,6212329182.12
2022-02-10,284.11446818427,284.21744551961,257.38670079854,266.76278718063,29233587,14959750643.43
2022-02-11,260.53265839297,264.4354994021,251.77958488965,252.28932269955,23979847,11994983924.84
2022-02-14,250.23492485965,264.0802275952,249.75093138359,261.5624317463,19628564,9914026667.42
2022-02-15,267.22618518963,273.05985123625,263.1070917763,271.34527860296,15150828,7915477348.15
2022-02-16,271.86016527962,279.28998002391,269.79546970619,273.30184797429,12706794,6783859294.81
2022-02-17,272.87964089942,279.84090876795,270.61413952209,275.46437201628,10747219,5758516460.83
2022-02-18,272.88993863296,275.46437201628,269.27543416276,271.60272194129,11384779,5993089911.6
2022-02-21,271.08783526462,271.08783526462,260.25976845434,262.59220509964,15630631,8011219920.84
2022-02-22,260.86733473281,261.5624317463,253.51475299002,259.50288503964,13632851,6788745089.24
2022-02-23,260.53265839297,267.25192952346,258.72025729111,267.22618518963,15433230,7922652049.15
2022-02-24,261.5624317463,268.55459281543,257.95822500964,261.4079657433,16160023,8252994692.46
2022-02-25,268.25595854296,275.46437201628,268.19932100853,272.27207462096,16967238,8978907317.42
2022-02-28,269.80061857296,276.23670203128,269.80061857296,274.61995786655,9965701,5284369459.23
2022-03-01,277.62689605828,282.19908974708,272.88993863296,276.07193829475,9749032,5244201447.78
2022-03-02,273.40482530962,273.81158578419,262.01553202177,264.56936993803,13412932,6925800187.95
2022-03-03,266.29938917163,267.1232078543,261.03209846934,264.13171626287,8698927,4456406594.39
2022-03-04,260.01777171631,262.07731842297,251.26469821299,253.21611871755,16283350,8081812311.2
2022-03-07,244.57117141633,249.72003818299,233.76370007311,234.21680034858,24599264,11425969374.32
2022-03-08,238.89712023947,240.1740391976,228.09994662978,234.50513688751,22754060,10355465375.11
2022-03-09,234.78832455967,244.05628473966,230.66923114635,243.78339480103,23457419,10851981839.27
2022-03-10,252.29447156632,260.30095938847,249.87965305275,252.71152977442,23961693,11860996849.5
2022-03-11,247.57296074129,254.86890494965,244.10777340733,254.12231926848,17102172,8275317081.21
2022-03-14,248.69026482966,250.86823547195,238.39253129634,238.39253129634,16291014,7715325213.16
2022-03-15,237.362757943,247.80980861256,232.00793650568,238.49550863167,21268688,9944131722.35
2022-03-16,245.18903542833,259.22999510101,241.21925915123,259.03948703064,28223653,13816433731.63
2022-03-17,266.45385517463,275.46437201628,265.21812715063,270.05806191129,27630079,14545565578.38
2022-03-18,267.22618518963,270.04261531099,259.50288503964,262.84964843797,16391807,8401871659.770001
2022-03-21,267.7410718663,275.05246267495,266.5053438423,267.7410718663,13634076,7164824307.35
2022-03-22,267.7410718663,267.7410718663,261.04754506964,264.13686512963,10228257,5229898248.47
2022-03-23,267.7410718663,269.27543416276,262.54071643197,265.3159556192,8410966,4336729378.45
2022-03-24,262.5664607658,266.54653477643,256.60922191678,264.6517518063,8480580,4303359299.21
2022-03-25,263.58078751883,266.80397811476,258.47311168631,258.50915375368,9283639,4724122668.33
2022-03-28,262.01553202177,262.01553202177,246.15702238046,250.74981153632,14946512,7277413365.95
2022-03-29,250.74981153632,257.44333833298,248.17537815299,250.69832286865,11235947,5508775198.92
2022-03-30,253.32424491965,267.22618518963,253.32424491965,267.22618518963,16216979,8276504323.97
2022-03-31,265.24387148447,266.71129851296,259.06523136447,263.77644445597,9623922,4899473611.96
2022-04-01,261.5624317463,270.05806191129,260.08470698427,267.17469652196,9518241,4923473198.49
2022-04-06,265.9492662315,266.71129851296,258.98799836297,261.64996248134,8542810,4336158375.45
2022-04-07,257.72652600514,260.01777171631,250.77555587015,254.98218001851,11958082,5909983777.64
2022-04-08,253.68466559332,259.95083644834,251.77958488965,254.86890494965,9357130,4635752788.29
2022-04-11,244.71019081903,246.11583144633,232.78026652068,236.33298458967,20738205,9541686135.04
2022-04-12,237.24433400737,243.42812299413,237.10531460467,243.02651138633,12498201,5825410117.32
2022-04-13,239.8805537919,248.07240081766,237.87764461967,239.93719132633,9523122,4479994702.53
2022-04-14,244.57117141633,245.08605809299,233.75855120634,236.74489393101,13752370,6360122750.6
2022-04-15,232.28597531108,235.29806236957,222.82750706072,232.14180704161,19989104,8854163487.94
2022-04-18,227.57991108635,232.71848011948,224.13017035269,232.21389117634,11957617,5318801159.41
2022-04-19,231.93585237095,236.63161886214,225.75206338419,226.68400826895,14382133,6429594317.75
2022-04-20,226.04039992312,228.09479776302,208.93071565751,209.55887740304,31199615,12923538889.37
2022-04-21,212.07152438517,214.96518750804,205.38829532205,210.64528829081,21116568,8609961842.96
2022-04-22,210.07376407971,217.8897438315,208.52910404971,213.85303228644,20136651,8387810458.14
2022-04-25,204.82191997772,209.09547939404,200.80580389972,200.85729256739,21316508,8439172173.31
2022-04-26,198.80289472749,201.83557725305,194.11227710306,194.11227710306,18510510,7103865395.41
2022-04-27,188.9634103364,210.46507795398,188.82953980047,209.58462173688,31612406,12266669602.13
2022-04-28,205.94437293285,207.24188735805,196.68671048639,199.51858720806,25917727,10137614863.28
2022-04-29,202.86535060639,211.09323969951,193.09280148327,210.76886109321,33647657,13205553635.41
2022-05-05,187.93363698307,198.37553878586,181.75499686308,193.5973904264,60277207,22255526266.58
2022-05-06,186.38897695308,199.12212446702,186.29629735128,193.59224155963,24080095,9064522986.78
2022-05-09,192.56761707307,194.091681636,187.26943317017,189.7357403514,16668032,6152776454.92
2022-05-10,184.99878292608,198.23137051639,183.88662770448,195.22958119143,24437791,9143581643.03
2022-05-11,195.64149053276,215.62424245417,195.39949379473,210.97481576387,31753974,12827256128.61
2022-05-12,208.22017204371,210.69162809171,204.86311091185,207.76192290148,13420805,5425822344.43
2022-05-13,209.55887740304,215.45432985087,206.21726287148,213.57499348104,14854635,6105079498.16
2022-05-16,214.70259530294,220.26852027769,209.56402626981,209.56402626981,14387809,5996721399.56
2022-05-17,211.09323969951,218.61058517883,210.20248574888,217.57051409197,13889853,5834497816.13
2022-05-18,218.5385010441,219.3417242597,213.38963427744,215.73751752303,10712014,4495183512.14
2022-05-19,213.3947831442,217.23068888537,210.41358928631,215.73751752303,12632956,5249401699.08
2022-05-20,220.37149761303,222.43104431969,214.96518750804,219.8051222687,15826754,6751273074.24
2022-05-23,219.8051222687,219.8051222687,211.10353743304,214.5532781667,13791772,5750871726.51
2022-05-24,212.98802266964,212.9931715364,206.89691328468,207.00503948678,15012680,6109883602.38
2022-05-25,208.27166071138,209.07488392698,203.12279394472,205.42948625618,13934882,5567079615.28
2022-05-26,205.17719178462,206.89691328468,200.22913082186,200.81095276649,14059810,5535883498.89
2022-05-27,203.89512395972,210.66073489111,201.90251252102,203.07130527705,18780191,7541807254.37
2022-05-30,207.13376115595,209.66185473838,205.33680665438,206.88146668438,12529544,5046715321.41
2022-05-31,205.90318199871,212.12816191961,202.60790726805,210.07376407971,17799522,7205121141.270001
2022-06-01,211.15502610071,221.91615764303,209.04399072638,218.84228418333,19178459,8078892455.68
2022-06-02,217.68378916083,228.49640937082,216.77243974313,224.90250036769,17447774,7640886792.45
2022-06-06,225.00547770302,241.4870002231,225.00547770302,239.93204245957,19037806,8745175350.15
2022-06-07,239.52013311823,240.44692913623,232.11091384101,236.33298458967,12759509,5850493850.2
2022-06-08,234.78832455967,236.84787126634,219.33657539293,236.84787126634,40541428,17870045928.19
2022-06-09,229.12971998312,230.66923114635,221.65871430469,222.09636797986,20255738,8867551604.39
2022-06-10,220.35605101273,234.68534722434,220.35605101273,233.75855120634,24766336,11049948030.43
2022-06-13,228.61483330645,233.85123080814,225.65423491562,228.11024436332,18621582,8285211256.47
2022-06-14,225.63363944855,227.88884309235,220.73191828669,227.48723148455,17481068,7624999753.26
2022-06-15,232.72877785301,246.11583144633,229.69609532745,239.76212985627,37861947,17488407041.32
2022-06-16,239.93719132633,244.1129222741,234.02114341144,237.00233726934,24020226,11103375000.06
2022-06-17,232.88324385601,252.64459450645,232.32716624521,250.26581806025,28293869,13595198657.59
2022-06-20,254.26648753795,265.73816269407,254.26648753795,260.80039946484,25114285,12753850232.89
2022-06-21,259.50288503964,264.07507872843,255.44042916075,261.4851987448,14566608,7338298827.85
2022-06-22,264.6517518063,268.89956688879,260.99605640197,261.04754506964,14663173,7542601018.55
2022-06-23,265.16663848297,276.47869876932,263.56019205177,276.47869876932,17713862,9275986878.06
2022-06-24,282.15789881294,290.13864230126,272.78181243086,290.13864230126,19301235,10593589950.88
2022-06-27,290.39093677283,290.89552571596,280.60808991618,282.67278548961,16623983,9200423080.16
2022-06-28,280.61323878294,282.85814469321,270.36699391729,280.09835210628,18643267,9996283502.41
2022-06-29,274.42944979619,279.32602209128,270.82524305952,274.19775079169,14582986,7781239268.3
2022-06-30,274.18745305815,277.93582806428,271.17536599966,274.94948533962,13076119,6974435836.01
2022-07-01,274.42430092942,275.97925869295,266.55683250996,269.10037269269,12292780,6449278118.4
2022-07-04,262.5973539664,270.66047932299,262.59220509964,268.77084521963,12193209,6343210119.7
2022-07-05,270.05806191129,276.06678942798,263.9721013931,269.73368330499,15459404,8098493521.12
2022-07-06,271.40191613739,274.68174426775,264.95038607877,268.77084521963,13081352,6860550182.04
2022-07-07,273.84247898479,285.5304065451,273.40482530962,283.18767216627,24601436,13437832045.49
2022-07-08,285.7621055496,290.89552571596,275.58279595192,278.55369207628,16577009,9078792373.03
2022-07-11,275.07305814202,275.72181535462,265.83599116263,266.9687418513,13807042,7190790421.84
2022-07-12,267.22618518963,270.46997125263,257.24768139584,259.34327016987,15130247,7699493189.28
2022-07-13,261.7168977493,279.70188936525,258.35468775068,277.52391872295,24564472,12933672939.76
2022-07-14,275.72181535462,289.36631228627,273.01866030212,286.28214109304,19955644,10980995202.09
2022-07-15,282.93022882794,290.11289796743,274.43459866295,274.43459866295,15862819,8689665142.01
2022-07-18,279.06857875295,284.24318985344,273.07014896979,284.04238404954,14371055,7799775032
2022-07-19,283.47600870521,283.47600870521,269.80061857296,270.11469944573,16308711,8687404438.98
2022-07-20,272.87964089942,275.53645615102,269.21364776156,270.83039192629,7835906,4141353786.48
2022-07-21,269.28573189629,277.03477638012,266.82457358183,268.25595854296,8807088,4636560562.41
2022-07-22,276.86486377682,280.09320323951,270.85098739336,273.91971198629,14281747,7665508992.9
2022-07-25,273.91971198629,274.92374100579,267.22618518963,268.64212355046,8648858,4524233836.32
2022-07-26,268.65757015076,271.86016527962,265.29536015213,268.77084521963,7969269,4162433402.14
2022-07-27,268.51340188129,268.82233388729,263.21006911164,265.2696158183,9335528,4814402385.88
2022-07-28,266.9687418513,271.19081259996,264.14716286317,265.47557048897,9267516,4813731200.99
2022-07-29,269.77487423913,269.80061857296,259.04463589741,261.8713637523,11912482,6111548922.46
2022-08-01,261.49549647834,275.87628135762,259.81181704564,275.42318108215,16299226,8555439339.95
2022-08-02,268.91501348909,274.14626212402,267.45788419413,269.73368330499,12143004,6378119035.25
2022-08-03,269.80061857296,274.88769893842,256.82547432098,259.50288503964,17025569,8730930401.25
2022-08-04,261.04754506964,262.12365822387,254.92039361731,257.90673634198,11365073,5688825506.53
2022-08-05,257.44333833298,264.60026313863,254.86890494965,260.35244805614,12183074,6150342343.04
2022-08-08,255.38379162631,260.62533799477,251.77958488965,258.21566834798,8964693,4476021798.22
2022-08-09,257.95822500964,267.02023051896,256.15612164131,263.39542831524,11307870,5783358776
2022-08-10,262.6436937673,264.0338877943,257.44333833298,259.49258730611,8049083,4052412586.09
2022-08-11,259.57496917437,264.14716286317,254.35401827298,262.59220509964,9800710,4937131682.22
2022-08-12,262.69518243497,263.62197845297,256.37237404551,258.47311168631,7383805,3710909399.38
2022-08-15,259.96113418187,269.28573189629,258.92621196177,265.7330138273,13757541,7097079971.66
2022-08-16,267.68958319863,277.00903204628,266.80397811476,269.69764123763,16097367,8515873353.37
2022-08-17,271.59242420776,283.17222556597,269.79032083943,281.64301213628,18350657,9888546881.2
2022-08-18,281.64301213628,288.33653893293,279.30027775745,280.51026144761,14280044,7867922329.73
2022-08-19,282.67278548961,283.02805729651,272.90023636649,273.91971198629,10769608,5767786048.97
2022-08-22,274.94948533962,286.1019307562,271.44825593829,283.97544878157,14305361,7811232130.16
2022-08-23,283.17737443274,290.7359108462,280.84493778744,286.7352413685,13156177,7304906011.24
2022-08-24,295.04551232989,296.05983908292,268.77084521963,269.80061857296,30068394,16294721095.13
2022-08-25,270.31550524963,271.10328186492,260.06411151721,264.6517518063,18017523,9216432421.86
2022-08-26,264.13686512963,267.2158874561,258.98799836297,260.93427000077,12216984,6216728234.88
2022-08-29,258.98284949621,260.93427000077,255.54855536285,258.47311168631,11260993,5635359010.12
2022-08-30,258.47311168631,258.47311168631,250.13194752432,253.06680158132,15616079,7672805176.83
2022-08-31,248.01576328322,252.19149423098,244.32402581153,248.69026482966,17450158,8386004449.6
2022-09-01,247.14560479966,249.72003818299,240.27701653293,240.7301168084,15476559,7331268725.66
2022-09-02,244.50938501513,245.08605809299,237.7643695508,240.07106186227,11560877,5408298592.17
2022-09-05,237.88279348644,243.02651138633,236.33813345644,241.15232388327,9110009,4237267562.78
2022-09-06,240.96696467967,241.15232388327,228.54789803848,234.37641521834,27524567,12407748956.22
2022-09-07,232.46618564791,245.33835256456,231.69900449968,244.01509380553,21677712,10095265237.23
2022-09-08,241.1471750165,242.51162470966,230.92667448468,231.44156116135,21552631,9838886096.7
2022-09-09,233.03770985901,233.97995247731,229.89690113135,232.84205292188,12246752,5523516959.15
2022-09-13,236.33298458967,236.95084860167,230.07711146818,235.25687143544,10202890,4632953568.32
2022-09-14,231.69900449968,233.24366452968,220.51566588249,223.61528367602,25893786,11348915618.36
2022-09-15,223.61528367602,223.97570434969,211.72140144504,213.34329447654,25383594,10651219569.99
2022-09-16,213.3175501427,215.37709684937,210.58865075637,211.10353743304,14963208,6192462419.520001
2022-09-19,210.91302936267,217.07622288237,210.60924622344,212.9931715364,13964359,5802232517.51
2022-09-20,215.22263084637,221.40127096636,213.67797081637,216.77243974313,16569030,7024157606.9
2022-09-21,214.7077441697,218.03391210096,212.83870553341,216.4068702027,8809861,3695152639.36
2022-09-22,213.83243681937,216.2524041997,209.04399072638,213.6728219496,9642094,3992662500.77
2022-09-23,214.17226202597,218.7238602477,211.12928176687,214.88280563977,12018488,5009444372.51
2022-09-26,212.66879293011,223.97570434969,212.66879293011,220.71132281963,18835151,8081168715.11
2022-09-27,223.40418013859,224.14561695299,217.80221309646,221.14382762803,11561928,4948766642.95
2022-09-28,220.191281177,221.13495809633,212.86360411488,214.92628590576,10697441,4464647185.61
2022-09-29,218.75771733233,219.41777550541,214.04448944016,216.06591759523,8894778,3723447020.59
2022-09-30,216.21030532059,216.68472213249,206.52601431238,206.72712578699,11814011,4808089720
2022-10-10,207.29951998396,208.58869610327,201.74574926201,202.58629209179,11465353,4534844088.09
2022-10-11,208.33086087941,214.67360738638,207.75846668244,214.67360738638,18444138,7582938837.51
2022-10-12,214.51890625206,226.00804382729,213.22457342828,225.77599212582,18514747,7894831669.61
2022-10-13,223.80097431105,226.00804382729,221.22777877692,222.7696334156,10443411,4521426256.22
2022-10-14,225.86365610193,228.10166584504,221.0060404844,225.30157531391,13565344,5900627937.71
2022-10-17,223.28530386332,223.28530386332,216.96834087874,221.40310672914,10537258,4492096854.770001
2022-10-18,223.30077397676,226.31744609593,220.93384662171,221.50108411421,9101920,3937490986.73
2022-10-19,221.74860592911,227.92633789282,221.57327797689,222.42929092011,12333044,5381599273.53
2022-10-20,216.72597576831,218.47409858608,208.33086087941,214.00323580434,17120183,7066412982.98
2022-10-21,210.39354267029,215.01394988187,209.98100631211,212.9718949089,8259882,3412503680.65
2022-10-24,209.68191745244,213.48756535662,205.75766534528,208.34117428836,14532727,5885833135.51
2022-10-25,207.81519043168,210.42963960163,202.1325020978,207.14481884965,14039050,5599142147.2
2022-10-26,208.84653132713,210.68231812102,205.2780918289,206.81478976311,14072386,5666134368.64
2022-10-27,205.23683819308,207.3356169153,201.11147461131,201.26617574562,15281736,6026009209.1
2022-10-28,198.68782350702,199.822298492,188.21971341828,188.47754864214,24071225,8960919232.89
2022-10-31,185.64136117967,196.06821763259,183.87776824846,192.28319654632,16554600,6168694636.81
2022-11-01,194.14992356707,200.53392370986,189.82860521517,199.15192690997,19916486,7598072350.39
2022-11-02,198.5331223727,204.40660877225,195.95992683857,201.88498028289,14266969,5554821785.34
2022-11-03,201.11147461131,203.17415640219,196.48591069525,198.07933237871,14717451,5672637394.29
2022-11-04,198.94565873088,210.55340050909,198.01745192498,208.53712905849,20971141,8386135000.95
2022-11-07,210.39354267029,213.76602739839,208.84653132713,211.68271878959,14778112,6063354150.1
2022-11-08,211.68271878959,218.02546529657,208.07302565555,211.32174947619,12080878,4982583901.06
2022-11-09,209.36220177485,210.17696108225,203.68982684991,204.75210797222,10941091,4370881066.72
2022-11-10,202.65848595447,203.17415640219,198.01745192498,198.68782350702,12924178,4995761138.03
2022-11-11,206.78384953624,209.20234393606,203.28760390069,207.54704179887,19481969,7814365728.96
2022-11-14,208.38242792418,210.39354267029,198.81674111895,199.65728394873,18481701,7242184171.94
2022-11-15,200.1626409875,204.96868956026,194.92342923865,204.29831797823,17273987,6711717380.45
2022-11-16,202.66364265895,203.26697708278,197.64616920262,198.05354885632,13603663,5261351647.15
2022-11-17,196.7901562594,196.98095432506,190.80322236136,193.43829834921,14217164,5314975792.28
2022-11-18,194.92342923865,199.56446326814,191.3137361046,196.36214978779,16407334,6269734685.99
2022-11-21,193.43829834921,198.97144225326,193.01544858208,197.19237920863,8038709,3060476255.98
2022-11-22,195.95477013409,197.43474431906,192.34507700005,193.37641789549,9836241,3701483129.43
2022-11-23,193.37641789549,197.44505772801,192.60291222391,195.70724831919,8829427,3343581161.43
2022-11-24,197.56366193099,197.61522897576,193.38157459997,194.2118040208,8546530,3229088100.3
2022-11-25,192.37601722691,193.37641789549,191.3137361046,191.93254064187,6138945,2286870202.57
2022-11-28,188.21971341828,191.98926439112,185.65167458862,190.95792349568,11114051,4052491291.77
2022-11-29,191.8345632568,196.6767087609,189.50888953758,194.87186219388,11717222,4394005281.68
2022-11-30,195.43909968637,198.5331223727,191.91707052844,198.5331223727,14041956,5331830945.84
2022-12-01,204.79851831252,207.37687055112,203.6485732141,203.81874446184,20937498,8341109690.93
2022-12-02,204.72116774536,205.90205307064,202.03968141721,202.08093505302,8292566,3280784282.21
2022-12-05,202.08093505302,204.65413058715,200.08013371587,202.30267334554,12098474,4739442183.97
2022-12-06,200.65768461731,208.35148769732,200.59580416359,206.27849249748,13661164,5426417622.55
2022-12-07,206.26817908852,217.44791439512,205.7525086408,215.7101049863,24410839,10135126000.47
2022-12-08,215.71526169078,219.15994028155,213.4927220611,216.82395315338,10433749,4388660430.770001
2022-12-09,217.39634735035,219.52090959496,216.83942326681,218.95367210247,9353940,3960316858.9
2022-12-12,217.14882553544,218.4019047234,213.5597592193,213.66805001332,8789953,3671244196.23
2022-12-13,214.00323580434,214.46733920729,207.32530350635,209.05795621069,11270707,4592141157.86
2022-12-14,211.42488356573,212.43044093879,205.89689636616,207.45422111828,9197282,3697346495.01
2022-12-15,207.35624373321,218.73193380994,206.78384953624,218.54113574429,17298775,7174962345.04
2022-12-16,215.81323907584,218.02546529657,213.42568490289,215.55540385198,8942249,3733194675.76
2022-12-19,216.06591759523,221.78985956493,215.58118737437,216.78785622204,10105860,4284899628.35
2022-12-20,216.58158804295,216.89099031158,210.90921311801,211.17736175083,8120795,3362795549.31
2022-12-21,211.42488356573,212.69858957161,208.59385280774,209.78505154198,5403052,2201256399.91
2022-12-22,211.93539730898,211.93539730898,206.26817908852,207.29951998396,7390460,2976952976.83
2022-12-23,204.66960070058,207.72752645557,203.22572344697,205.48436000798,7385760,2939594065.54
2022-12-26,205.48436000798,210.0067898345,201.6787121038,208.28960724359,11512345,4606937089.56
2022-12-27,207.41812418694,209.35704507037,204.54583979313,208.10912258689,8139710,3268646818.54
2022-12-28,205.26777841994,205.39153932739,196.09915785946,203.17415640219,18529322,7206541527.19
2022-12-29,201.62714505903,205.13370410353,201.3177427904,203.15352958428,9897472,3909060455.91
2022-12-30,205.49467341694,207.29951998396,202.65848595447,202.87506754251,7405249,2943110661.91
2023-01-03,202.14281550675,202.43674766195,196.84172330418,200.92583325013,10482036,4056787273.5
2023-01-04,199.30662804428,199.56446326814,197.01189455192,198.02260862946,19602262,7527791631.36
2023-01-05,200.08013371587,211.51254754185,198.53827907718,210.14086415091,26043260,10371713857.97
2023-01-06,209.36220177485,219.1496268726,208.36180110627,214.85924874756,18392495,7641585134.15
2023-01-09,218.06671893238,218.06671893238,213.48756535662,214.82830852069,12840302,5373244035.56
2023-01-10,215.37491919528,224.31664475877,213.12659604321,222.7696334156,18260652,7781973489.75
2023-01-11,221.99612774402,224.83231520649,218.64426983383,220.63475776204,12241806,5252326720.85
2023-01-12,222.7696334156,226.26587905115,221.57327797689,223.54313908718,11136798,4837460192.57
2023-01-13,228.95767878826,233.35119100284,221.73829252016,226.63716177351,20757496,9140635813.65
2023-01-16,226.12149132579,231.79386625073,224.37336850802,230.31389206577,16809099,7451169294.71
2023-01-17,230.46859320008,233.01600521182,228.75656731365,229.78790820909,9895801,4416180657.62
2023-01-18,231.28335250748,232.50549146858,228.49873208979,231.278195803,7344325,3292955688.46
2023-01-19,229.64352048373,232.82520714617,228.02431527788,230.38608592845,7309990,3254123919.04
2023-01-20,230.38608592845,233.18617645957,229.09175310467,233.08304237003,10765650,4841543970.55
2023-01-30,247.19694252416,252.96729483416,241.06046419628,242.70029622003,21174307,10102385367.36
2023-01-31,242.30322997529,246.23263878692,238.46664184424,239.88989227995,13954034,6565989151.24
2023-02-01,242.87562417226,247.19178581968,242.61263224392,245.87166947352,11502167,5464594493.81
2023-02-02,246.9391073003,247.36711377191,239.72487773668,240.3539956829,13455712,6339908128.47
2023-02-03,239.27108774268,240.40556272767,232.76332669244,235.24885825046,12020001,5495174744.42
2023-02-06,233.08304237003,233.86686145057,227.45707778539,232.36110374322,10752918,4811799061.16
2023-02-07,232.30437999397,234.01124917593,229.29802128375,231.07192762392,7211237,3231274189.8
2023-02-08,231.8454332955,233.83076451922,229.47334923598,230.61298092544,7329853,3293742443.57
2023-02-09,230.61298092544,235.14056745644,227.66850266896,233.59355611327,8031440,3627030215.27
2023-02-10,233.59871281775,234.98070961764,229.47850594046,229.96323616131,8397790,3773477538.53
2023-02-13,232.55705851335,238.01800855472,230.5098468359,237.2084059518,13418543,6143224997.15
2023-02-14,241.84943998129,242.00414111561,229.88072888968,232.59315544469,12812190,5816558282.020001
2023-02-15,233.65027986252,235.66139460864,231.02036057914,231.32976284778,7773387,3508461573.11
2023-02-16,233.07788566555,234.37221848933,225.86365610193,228.54514243008,10091069,4514542232.04
2023-02-17,227.92633789282,227.92633789282,216.58158804295,216.67956542801,21469551,9171648847.12
2023-02-20,214.51890625206,217.55104848466,209.5323730226,216.82395315338,16829872,6992852566.62
2023-02-21,215.28209851469,217.86560745777,212.45622446118,214.00839250882,13184596,5490561030.88
2023-02-22,210.90921311801,213.53913240139,209.70770097482,211.15157822844,12363920,5069312343.65
2023-02-23,211.42488356573,214.07027296254,210.08414040166,213.09049911187,9537265,3922375682.17
2023-02-24,211.94055401346,212.35309037163,208.34117428836,209.05279950622,9989388,4060495069.86
2023-02-27,207.6759594108,209.09405314203,206.31974613329,206.83541658101,9220633,3705001333.87
2023-02-28,208.32570417493,210.54824380461,207.0416847601,208.27929383463,9323092,3769996772.18
2023-03-01,207.86675747646,213.58038603721,207.83066054512,212.34277696268,12602005,5166296897.94
2023-03-02,211.16704834187,211.94055401346,204.30863138718,206.6807154467,16145270,6483446930.16
2023-03-03,207.45422111828,209.21265734501,206.26817908852,207.46453452723,8203090,3300669920.5
2023-03-06,207.38718396008,210.84217595981,202.14797221123,210.61012425833,16626662,6674565924.07
2023-03-07,208.33086087941,210.90405641354,207.21185600785,207.40265407351,9918350,4014218858.77
2023-03-08,206.273335793,207.77909350034,203.74655059916,205.09760717219,8129373,3231604462.37
2023-03-09,204.30863138718,206.9282372616,200.20389462332,204.72632444983,8136684,3228769655.47
2023-03-10,207.13966214517,211.38878663439,204.15393025286,209.25391098083,19142596,7722447890.18
2023-03-13,207.83066054512,209.70254427034,201.11147461131,202.14281550675,18833197,7424578060.05
2023-03-14,201.5652646053,201.62714505903,194.92342923865,199.68306747112,18484663,7095007800
2023-03-15,202.65848595447,204.07142298123,197.82149715485,200.08013371587,12968291,5046344791.36
2023-03-16,198.01745192498,201.06506427101,197.75961670112,198.58984612195,10113155,3897781767.88
2023-03-17,200.59580416359,201.10631790683,193.63425311935,193.88177493426,20144747,7641555518.38
2023-03-20,193.13920948954,198.32685419361,189.76672476144,195.92898661171,15836974,6002000932.07
2023-03-21,197.08924511908,203.26697708278,195.28439855206,203.06070890369,17292373,6720740862.26
2023-03-22,205.61843432439,210.73388516579,204.73148115431,205.85564273034,17687241,7125770900.76
2023-03-23,205.23683819308,207.25826634815,203.39589469471,205.43279296321,10028867,3981184717.68
2023-03-24,205.44310637217,207.43359430037,201.11147461131,202.95757481415,11765252,4645723682.23
2023-03-27,201.68386880828,205.54624046171,198.23403351302,204.4633325215,16115721,6311744702.56
2023-03-28,203.17415640219,204.29831797823,201.21460870085,202.45221777538,7590561,2976678086.19
2023-03-29,203.79811764394,208.47524860477,202.6739560679,206.36099976911,13754611,5508159641.48
2023-03-30,206.77869283177,207.29951998396,204.90165240206,206.32490283777,8681922,3465633464.99
2023-03-31,208.58869610327,213.99292239539,208.58869610327,209.38798529723,19607572,8033742420.23
2023-04-03,209.4189255241,209.77473813303,204.20549729764,205.60296421096,16763218,6698371580.76
2023-04-04,206.26302238404,206.26302238404,196.88813364447,200.08013371587,20089701,7782699958.87
2023-04-06,198.01745192498,200.87942290983,196.03212070125,200.09044712482,10581589,4064823971.19
2023-04-07,199.12614338758,203.17415640219,198.20309328616,201.37446653965,10058114,3923098225.13
2023-04-10,203.11743265294,207.35624373321,200.08013371587,207.30467668844,17237941,6844475287.47
2023-04-11,206.273335793,211.35784640753,205.23683819308,206.24239556613,14366294,5785418237.54
2023-04-12,206.26817908852,206.26817908852,202.14281550675,202.14797221123,8736733,3443470020.87
2023-04-13,201.11147461131,201.81278642021,198.5331223727,200.21420803227,10046445,3896072549.12
2023-04-14,200.02856667109,207.49031804962,199.822298492,204.8707121752,15923654,6337229777.11
2023-04-17,204.37566854538,211.42488356573,204.10236320809,210.33166221656,17663158,7173869978.82
2023-04-18,210.33681892104,215.5502471475,210.02741665241,210.90921311801,14060517,5793046443.73
2023-04-19,213.74540058048,213.92072853271,209.36220177485,211.61568163139,11622355,4770263894.63
2023-04-20,211.57958470005,211.57958470005,204.20549729764,204.20549729764,15843790,6335888038.97
2023-04-21,208.58869610327,213.96198216852,205.7525086408,208.84137462265,25275978,10288953392.02
2023-04-24,208.8980983719,209.36220177485,202.59660550075,204.65928729163,17377384,6922771298.29
2023-04-25,205.23683819308,205.23683819308,195.95477013409,198.99722577565,16898929,6532955961.97
2023-04-26,199.00760697581,212.97551178467,196.21402601403,209.75214913647,39707529,8801110231.26
2023-04-27,209.28499512949,217.20792708796,207.70601458588,215.82515122728,33969078,7764148296.34
2023-04-28,218.6280752692,221.73932095572,211.98514528986,215.68500502519,27104800,6269727389.47
2023-05-04,215.82515122728,217.22661324824,209.79886453717,210.70514331072,19409080,4416464194.76
2023-05-05,210.21930314346,214.89084321331,209.02338888557,212.0879191714,16740879,3793534213.07
2023-05-08,214.89084321331,218.43187058626,211.20966963827,215.64763270463,22753135,5237667345.13
2023-05-09,215.24588025862,215.24588025862,209.33171053018,210.99477879505,19653772,4447695097.770001
2023-05-10,210.96674955463,218.86165227269,206.67827577051,217.24529940852,28956810,6637247354.08
2023-05-11,217.27332864894,227.01816123465,216.01201283008,224.60764655861,34747371,8292776226.87
2023-05-12,226.09319630082,228.49436789673,222.3466211648,222.3466211648,22309979,5363787910.17
2023-05-15,225.17757444713,227.9711554089,219.65581408456,222.63625664913,26706471,6408351582.31
2023-05-16,222.73903053067,225.14020212657,221.21610846789,223.29961533905,13973953,3336944402.05
2023-05-17,223.29961533905,225.80356081649,220.55274977798,224.23392335302,18246432,4350981986.97
2023-05-18,225.44852377118,225.51392533216,215.86252354784,217.13318244684,24123880,5653225268.59
2023-05-19,216.52588223776,218.79625071171,214.89084321331,214.89084321331,19472168,4503095902.73
2023-05-22,213.95653519934,217.22661324824,212.0879191714,215.1711356175,14679114,3373155581.43
2023-05-23,215.71303426561,216.4885099172,210.35944934555,210.61171250932,19613196,4466450818.94
2023-05-24,210.03244154066,213.49872427249,209.02338888557,210.45288014695,14785735,3347225922.24
2023-05-25,210.07915694136,212.7232486209,207.87419002839,209.36908285074,13753272,3096261721.02
2023-05-26,209.47185673228,209.75214913647,203.21199303867,205.5477630736,18211695,4001016009.02
2023-05-29,207.60324070434,207.62192686462,201.43680781213,202.80089751253,16537161,3599743503.61
2023-05-30,202.74483903169,210.20996006332,201.81987409786,210.20996006332,26467083,5890767209.31
2023-05-31,210.26601854416,211.98514528986,205.69725235584,206.64090344995,18869744,4194067555.16
2023-06-01,208.01433623049,213.02222718537,206.9585681747,208.25725631412,15941049,3583431678.56
2023-06-02,210.12587234206,214.88150013317,209.28499512949,213.43332271152,23181483,5283702827.08
2023-06-05,211.06018035603,211.06018035603,202.17491114317,205.36090147081,33595114,7357059963.18
2023-06-06,203.6884901258,207.69667150574,202.72615287141,204.87506130354,17242526,3782524816.12
2023-06-07,202.16556806303,202.2776850247,191.01927345635,193.68205129617,50093939,10438080444.83
2023-06-08,198.77402997231,199.28789938,193.40175889198,194.34540998609,23857940,5007821210.14
2023-06-09,194.84993631364,199.12906701762,194.84993631364,198.11067128239,24261728,5126984497.89
2023-06-12,198.02658356114,199.94191498978,195.17694411853,198.02658356114,18131632,3835654848.63
2023-06-13,197.148334028,199.8765134288,196.84001238339,199.1010377772,13243699,2813381281.43
2023-06-14,202.88498523379,203.33345308049,199.00760697581,199.38133018139,16362927,3508630636.22
2023-06-15,200.86687992361,215.71303426561,200.77344912221,215.71303426561,50495682,11301760757.27
2023-06-16,216.75945924125,218.78690763157,213.30251958956,215.91858202868,29639828,6849470339.8
2023-06-19,217.68442417508,217.68442417508,211.15361115743,212.91011022369,18707081,4271126762.3
2023-06-20,212.90076714355,216.11478671161,210.93872031421,213.02222718537,17960501,4094614886.13
2023-06-21,213.77901667669,215.3579972203,210.12587234206,210.1352154222,17118438,3897370633.45
2023-06-26,205.46367535234,212.0412037707,205.24878450913,210.37813550583,15910609,3564403987.12
2023-06-27,209.26630896921,211.43390356162,206.65024653009,208.78981188208,13420648,2996519806.91
2023-06-28,207.62192686462,211.62076516441,207.41637910154,209.75214913647,13558644,3044798943.11
2023-06-29,208.82718420264,212.00383145014,207.88353310853,207.88353310853,9930233,2228285745.38
2023-06-30,209.27565204935,214.88150013317,205.87477087849,213.76033051641,21551522,4901528280.46
2023-07-03,216.71274384055,218.5813598685,213.53609659305,214.77872625163,15554352,3592766609.95
2023-07-04,213.48938119236,214.93755861401,212.7232486209,214.19011220283,10155673,2322971861.72
2023-07-05,214.19945528297,215.27390949904,210.68645715044,212.56441625852,8636414,1968738616.83
2023-07-06,212.0879191714,213.47069503208,209.25696588907,210.07915694136,10283568,2323630148.92
2023-07-07,210.03244154066,210.07915694136,207.04265589596,207.64995610504,9808377,2186457550.59
2023-07-10,208.35068711552,214.89084321331,208.35068711552,213.76967359655,16093831,3674535624.59
2023-07-11,214.56383540842,214.88150013317,211.69550980553,214.0406229206,9158787,2094183189.27
2023-07-12,213.48938119236,214.33025840493,211.62076516441,212.07857609126,8693260,1976029055.34
2023-07-13,213.2184318683,219.56238328317,213.2184318683,214.89084321331,22257672,5166809845.94
2023-07-14,215.03098941541,215.7597496663,211.66748056511,213.28383342928,13004091,2971007805.79
2023-07-17,212.09726225154,213.02222718537,208.9112719239,210.82660335254,10452522,2354412853.98
2023-07-18,212.83536558258,212.91011022369,209.75214913647,210.68645715044,8575776,1934097473.9
2023-07-19,209.28499512949,210.17258774276,204.22104569376,205.08060906662,17600182,3880774172.36
2023-07-20,204.61345505963,211.79828368707,204.61345505963,206.52878648827,14441648,3226693428.17
2023-07-21,206.34192488548,208.33200095524,205.32352915025,207.03331281582,8393526,1858027959.34
2023-07-24,202.88498523379,206.3699541259,200.07271811173,204.59476889935,13719339,2990356786.5
2023-07-25,210.12587234206,212.68587630034,206.50075724785,211.48061896232,19286245,4336672443.84
2023-07-26,210.33142010513,212.0879191714,208.96733040474,211.77025444665,15456786,3484702635.47
2023-07-27,215.82515122728,217.58165029355,211.97580220972,212.06923301112,20859235,4786800627.79
2023-07-28,212.06923301112,215.82515122728,210.26601854416,214.93755861401,18803095,4304001295.03
2023-07-31,218.6280752692,223.76676934604,217.78719805662,222.13173032159,29902754,7103701374.91
2023-08-01,221.8047225167,223.39304614045,219.09522927618,220.02953729015,15615168,3695389756.81
2023-08-02,221.43099931111,223.7574262659,220.02953729015,220.96384530412,14147185,3350493844.78
2023-08-03,220.49669129714,224.2058941126,220.05756653057,223.43041846101,16180526,3859823088.53
2023-08-04,228.90546342288,233.53963117217,225.27100524853,229.38196051,31569675,7737835221.31
2023-08-07,228.43830941589,230.71802096998,227.32648287926,230.29758236369,14927749,3665507786.26
2023-08-08,229.82108527657,232.95101712337,228.7933464612,230.90488257277,15066676,3733050028.84
2023-08-09,229.37261742986,231.40940890032,227.16765051689,230.77407945082,11684661,2873152335.34
2023-08-10,231.61495666339,234.81963315131,228.08327237058,230.30692544383,14040964,3469375410.84
2023-08-11,232.59598007806,232.59598007806,225.63538537398,225.63538537398,17204064,4212036439.73
2023-08-14,223.48647694184,224.21523719274,215.08704789625,217.60033645383,25693218,6000203547.3
2023-08-15,217.58165029355,219.18866007758,214.33025840493,216.10544363147,14610073,3378905588.31
2023-08-16,216.31099139455,218.9831123145,214.99361709485,217.32004404964,14009045,3263663519.36
2023-08-17,219.55304020303,220.96384530412,213.84441823766,219.79596028666,20442773,4767790092.05
2023-08-18,219.83333260722,223.41173230073,219.02048463506,220.37523125532,16769998,3977909566.35
2023-08-21,218.61873218906,220.37523125532,216.94632084405,217.65639493467,10780439,2524111214.47
2023-08-22,219.37552168037,219.73055872568,212.56441625852,215.59157422379,15188941,3507619500.49
2023-08-23,215.54485882309,216.66602843986,212.0879191714,212.55507317838,11874911,2721026997.67
2023-08-24,213.84441823766,216.32967755483,211.62076516441,213.90981979864,14157716,3254958699.75
2023-08-25,212.95682562439,214.86281397289,210.97609263477,213.33989191012,11185129,2549494197
2023-08-28,225.63538537398,227.93378308835,214.42368920633,215.3579972203,22311515,5230083379.81
2023-08-29,216.01201283008,227.03684739493,215.75040658616,222.83246133206,29174995,6966379985.57
2023-08-30,223.67333854464,226.10253938096,221.89815331809,221.89815331809,14591637,3492477897.83
2023-08-31,221.52443011251,222.83246133206,220.61815133895,221.01056070482,9671527,2294576162.04
2023-09-01,221.05727610552,223.77611242617,219.18866007758,220.87041450273,9101132,2157778480.9
2023-09-04,222.56151200801,223.0753814157,218.06749046081,222.03829952019,14052387,3327817522.43
2023-09-05,221.43099931111,223.76676934604,220.64618057937,221.26282386859,11581665,2752197345.26
2023-09-06,220.54340669784,221.58983167348,217.50690565243,219.02048463506,12474783,2921536581.54
2023-09-07,217.69376725522,218.3944982657,211.63010824455,211.63010824455,19266090,4405103044.44
2023-09-08,210.21930314346,212.27478077419,206.01491708059,208.29462863468,16499443,3670618814.62
2023-09-11,208.25725631412,208.8645565232,205.24878450913,206.97725433498,17060897,3774798958.65
2023-09-12,207.41637910154,207.79944538727,203.24936535923,203.61374548468,18231209,3994776422.13
2023-09-13,202.74483903169,204.75360126173,200.90425224417,202.3711158261,15135693,3278699755.09
2023-09-14,199.64293642531,202.09082342191,199.03563621622,200.81082144277,18294104,3919045406.38
2023-09-15,198.07329896183,199.94191498978,193.02803568639,194.1118329826,33679992,7033151411.11
2023-09-18,192.46745087801,200.58658751942,192.46745087801,199.06366545664,26593485,5645065103.32
2023-09-19,199.06366545664,199.45607482251,196.76526774228,198.37227752631,15024395,3183848137.28
2023-09-20,199.00760697581,199.31592862042,194.97139635545,196.1112521325,13087485,2750166643.08
2023-09-21,196.21402601403,197.09227554717,193.09343724737,193.14949572821,16214929,3368171869.93
2023-09-22,192.00029687102,197.55942955415,192.00029687102,197.07358938689,22509065,4696859644.01
2023-09-25,199.02629313609,199.58687794447,194.99942559587,195.53198116383,13605355,2864421900
2023-09-26,193.09343724737,193.72876669687,190.13168084308,191.06598885705,20253782,4150919714.55
2023-09-27,192.7477432822,194.7938778328,189.15065742841,190.28117012532,21848959,4470658972.55
2023-09-28,190.59883485007,192.93460488499,189.27211747023,189.69255607652,15809524,3223265861.07
2023-10-09,187.79591080815,188.05751705207,180.32144669639,182.65721673131,33742826,6617775154.29
2023-10-10,184.88086980457,184.99298676624,181.92845648042,181.92845648042,19865460,3895932691.62
2023-10-11,184.87152672443,185.55357157462,181.34918551176,181.97517188112,20248245,3964353022.61
2023-10-12,182.19940580447,184.80612516345,181.25575471036,183.06831225746,24205912,4744179131.32
2023-10-13,181.11560850826,182.03123036195,177.14479944889,178.07910746286,28422238,5429864563.15
2023-10-16,177.83618737922,178.01370590188,171.82858684939,172.62274866127,24683649,4603170882.7
2023-10-17,173.32347967175,176.8645070447,172.44523013861,173.25807811077,21558300,4027297387.82
2023-10-18,172.94041338602,175.88348363003,171.53895136506,174.06158300278,17651925,3284047971.31
2023-10-19,172.29574085638,173.48231203412,170.30566478662,170.69807415249,17454160,3209465700.09
2023-10-20,167.24113450079,175.3602711422,167.24113450079,169.10975052874,30026893,5478351217.12
2023-10-23,168.45573491896,168.45573491896,164.25134885609,165.61543855649,20223321,3597554198.2
2023-10-24,166.30682648682,167.42799610359,163.7841948491,164.83061982475,24379459,4310104361.21
2023-10-25,166.49368808962,167.70828850778,164.13923189441,164.4195242986,21534181,3818928277.23
2023-10-26,162.56959443094,166.58711889101,157.72053583843,166.3722280478,41420567,7175542946.81
2023-10-27,166.16668028473,173.66917363691,164.45689661916,172.58537634071,47795283,8729936697.8
2023-10-30,174.71559861256,177.4064056928,172.66012098183,175.66859278681,32259492,6050993028.96
2023-10-31,174.41662004809,174.92114637564,172.47325937903,173.407567393,18152535,3369355372.29
2023-11-01,173.58508591566,177.79881505867,172.37982857763,175.22012494011,19727265,3695120175.75
2023-11-02,176.11706063352,177.4064056928,173.37953815258,173.37953815258,13762677,2577685558.5
2023-11-03,173.78129059859,176.28523607603,172.47325937903,175.12669413871,14365450,2683301612.35
2023-11-06,176.1824621945,184.15210955367,176.07034523282,184.13342339339,34968430,6798069246.62
2023-11-07,183.11502765816,183.22714461984,177.63063961615,178.6770645918,26080293,5008846046.15
2023-11-08,177.68669809699,180.26538821555,177.51852265447,179.23764940018,14652166,2809047604.89
2023-11-09,178.10713670328,179.92903733052,178.01370590188,178.87326927473,10997097,2104229338.21
2023-11-10,176.5842146405,177.49049341406,175.69662202723,176.61224388092,11609956,2189830819.35
2023-11-13,179.38713868242,179.57400028521,174.73428477284,175.50976042444,12519595,2362258976.04
2023-11-14,175.50976042444,176.39735303771,170.97836655668,171.61369600618,23488284,4346598777.47
2023-11-15,174.61282473103,176.20114835478,171.52026520478,172.36114241736,23807191,4423251194.82
2023-11-16,173.29545043133,173.30479351147,168.26887331616,169.24989673083,17466200,3180032494.61
2023-11-17,168.03529631267,169.34332753223,167.69894542764,168.85748736496,11084035,2000359414.04
2023-11-20,168.8668304451,169.85719693991,167.25047758093,168.45573491896,12408719,2235037632.58
2023-11-21,170.04405854271,171.91267457065,168.18478559491,168.74537040329,19766221,3601130909.86
2023-11-22,167.75500390848,169.39004293293,165.37251847285,165.37251847285,18688569,3332638164
2023-11-23,164.44755353902,166.02653408263,163.40112856337,166.02653408263,15720253,2771265524.63
2023-11-24,165.40054771327,166.49368808962,163.03674843793,163.50390244491,16621248,2918741661.28
2023-11-27,162.84054375499,163.03674843793,159.39294718344,159.48637798484,18422007,3161041987.54
2023-11-28,158.86039161548,160.67294916258,157.77659431927,160.62623376188,20210730,3443539749.66
2023-11-29,159.76667038903,160.12170743434,155.44082428434,155.88929213105,25188527,4235346582.08
2023-11-30,154.36637006828,157.58038963634,153.68432521808,156.02943833314,23027161,3834512348.69
2023-12-01,156.3003876572,156.68345394292,153.62826673724,154.62797631219,16962209,2816101715.16
2023-12-04,152.75936028425,153.63760981738,150.64782417267,151.0308904584,23930401,3892529224.86
2023-12-05,149.62942843744,151.70359222846,148.22796641649,148.37745569872,24807739,3978910664.08
2023-12-06,148.22796641649,155.89863521119,147.82621397048,152.18008931558,36769276,6024339619.75
2023-12-07,151.35789826329,155.4314812042,150.9841750577,153.68432521808,26908427,4410841808.17
2023-12-08,154.1608223052,155.40345196378,152.40432323894,152.8434480055,24502047,4030383346.85
2023-12-11,151.36724134343,154.80549483484,149.63877151758,154.48783011009,21489569,3497265739.5
2023-12-12,153.22651429123,154.36637006828,152.27352011698,152.88082032606,14733877,2415527908.85
2023-12-13,151.87176767097,152.8434480055,148.28402489732,148.88198202627,25259399,4045085653.77
2023-12-14,150.31147328764,150.88140117616,146.16314570561,146.34066422827,22751400,3596263195.63
2023-12-15,146.87321979623,148.25599565691,144.4440189599,144.81774216549,20204635,3158101585.29
2023-12-18,143.05190001909,143.59379866719,136.67057628367,137.31524881331,42912920,6398809829.48
2023-12-19,136.69860552409,140.12751593536,136.66123320353,139.21189408167,25185181,3734066912.78
2023-12-20,139.39875568446,141.2673717124,138.57656463217,138.69802467398,21249368,3174602188.42
2023-12-21,137.87583362169,145.1260638101,137.87583362169,144.24781427697,42131501,6433383992.73
2023-12-22,143.41628014454,148.00373249313,142.20167972637,146.02299950351,28032127,4359921761.520001
2023-12-25,145.28489617248,147.50854924573,144.6308805627,147.19088452098,13005608,2036117775.27
2023-12-26,146.65832895302,147.15351220042,144.57482208186,145.87351022128,12767252,1994477782.07
2023-12-27,147.18154144084,147.62066620741,143.76197410971,144.19175579613,17356460,2686313989.06
2023-12-28,144.0889819146,152.4416955595,143.48168170551,152.28286319712,37850179,6079407754.87
2023-12-29,153.20782813095,154.1608223052,151.35789826329,152.53512636089,22683782,3707101874.04
2024-01-02,151.56344602636,151.85308151069,146.33132114813,146.52752583106,21403268,3390080350.21
2024-01-03,145.84548098086,146.94796443735,144.25715735711,145.56518857667,19757581,3070016674.07
2024-01-04,145.28489617248,145.49044393555,139.93131125242,141.2673717124,27241762,4114835334.93
2024-01-05,141.07116702947,144.56547900172,139.66970500851,140.98707930821,21035318,3195235676.67
2024-01-08,140.33306369843,143.313506263,139.28663872278,140.14620209564,19385405,2926528361.75
2024-01-09,140.10882977508,141.42620407478,136.17539303626,138.93160167748,23391625,3473507460.23
2024-01-10,137.28721957289,143.05190001909,136.92283944744,140.76284538486,23211960,3500326619.89
2024-01-11,140.76284538486,147.40577536419,138.75408315482,144.64956672298,32801802,5037065544.25
2024-01-12,143.88343415152,146.99467983804,142.20167972637,144.47204820032,25462228,3943737150.63
2024-01-15,143.41628014454,143.60314174733,139.53890188656,141.73452571939,17272193,2618158007.72
2024-01-16,141.69715339883,146.91993519693,140.66941458346,146.63964279274,28469270,4421625828.65
2024-01-17,146.55555507148,146.55555507148,141.78124112009,142.23905204693,21761525,3343384131.76
2024-01-18,140.23963289703,145.00460376829,140.15554517578,144.45336204004,30778779,4688436698.41
2024-01-19,143.69657254873,147.51789232587,143.32284934314,144.7243113641,26594908,4136034233.34
2024-01-22,143.41628014454,149.44256683465,140.75350230472,145.43438545471,40488810,6323471152.62
2024-01-23,144.81774216549,148.36811261858,143.12664466021,143.79934643026,32305895,5033058276.4
2024-01-24,144.35058815851,144.80839908535,139.68839116879,143.39759398426,24870983,3776131708.06
2024-01-25,142.01481812358,144.91117296689,139.87525277159,144.81774216549,29479609,4503492567.88
2024-01-26,142.48197213057,144.33190199823,140.14620209564,140.14620209564,27181270,4118576147.81
2024-01-29,139.62298960781,140.87496234654,137.361964214,137.361964214,21767500,3235910042.92
2024-01-30,135.94181603277,137.75437357987,131.17684516152,131.50385296641,32727425,4680164654.32
2024-01-31,135.47466202578,142.91175381699,134.54035401181,141.63175183785,59522108,8943013792.76
2024-02-01,141.62240875771,142.50065829084,138.8194847158,139.23058024195,27968844,4197978843.17
2024-02-02,138.2775860677,139.21189408167,133.95173996301,136.40897003975,30706037,4494266567.68
2024-02-05,133.24166587239,144.35058815851,132.95203038806,141.95875964274,47132613,7035622773.05
2024-02-06,141.25802863226,148.79789430501,140.91233466709,147.92898785202,43745926,6828296924.06
2024-02-07,147.62066620741,149.29307755241,145.75205017946,149.11555902976,36607040,5800699416.45
2024-02-08,149.02212822836,154.1608223052,148.4428572597,152.14271699502,30901156,5016344779.04
2024-02-19,154.12344998464,154.12344998464,148.63906194263,149.5733699566,27092476,4355156562.95
2024-02-20,151.24578130161,151.24578130161,145.81745174044,147.92898785202,22194791,3506366283.11
2024-02-21,147.04139523874,152.57249868145,146.06971490421,150.61045185211,25782663,4135575623.96
2024-02-22,150.73191189393,150.73191189393,148.4428572597,149.81629004024,20955947,3349275886.97
2024-02-23,151.32986902287,151.35789826329,148.61103270221,149.95643624233,21017639,3368773226.46
2024-02-26,148.76986506459,149.47993915521,144.5374497613,145.75205017946,36066425,5638931754.29
2024-02-27,144.89248680661,147.48052000531,144.38796047907,147.46183384503,29040075,4531078101.31
2024-02-28,147.78884164992,152.57249868145,146.69570127357,146.69570127357,40091711,6423464926.270001
2024-02-29,145.84548098086,153.01162344802,145.43438545471,152.76870336439,39167504,6315294345.270001
2024-03-01,152.78738952466,154.68403479303,151.73162146888,153.74038369891,28101336,4610970231.35
2024-03-04,154.1608223052,156.83294322516,152.07731543405,153.13308348983,26808577,4424835389.74
2024-03-05,151.45132906469,154.347683908,149.48928223535,153.83381450031,27549599,4478109343.91
2024-03-06,151.89979691139,155.93600753175,151.0776058591,152.8901634062,18718009,3067856204.79
2024-03-07,152.29220627726,153.38534665361,149.00344206808,149.62942843744,22145021,3568786297
2024-03-08,148.67643426319,150.23672864652,146.35935038854,147.62066620741,20217023,3194520067.02
2024-03-11,154.1608223052,169.71705073782,153.31994509263,168.96960432664,76335047,13248182793.02
2024-03-12,171.29603128143,174.1830430446,168.17544251477,173.63180131636,62164900,11428112945.34
2024-03-13,174.71559861256,175.3602711422,171.25865896087,173.01515802713,34795798,6444102061.72
2024-03-14,172.74420870308,175.61253430597,170.94099423612,171.73515604799,30535646,5642924971.26
2024-03-15,171.56698060548,171.81924376925,165.23237227076,169.10975052874,35483644,6371462215.2
2024-03-18,177.55589497503,181.03152078701,176.53749923981,178.41545834789,48305173,9229188790.08
2024-03-19,177.97633358132,179.66743108661,174.34187540697,174.94917561605,26957576,5099068938.67
2024-03-20,173.32347967175,178.6770645918,173.32347967175,177.03268248721,21031584,3987105281.59
2024-03-21,177.06071172763,179.27502172074,176.65895928162,176.65895928162,18756720,3571619013.59
2024-03-22,176.66830236176,177.43443493322,172.83763950448,174.25778768572,19103367,3563063417.12
2024-03-25,173.37953815258,175.83676822933,172.36114241736,172.66012098183,16413365,3046334226.28
2024-03-26,173.5009981944,180.4429067382,173.49165511426,179.20027707962,30247308,5746016495.95
2024-03-27,179.14421859878,179.15356167892,175.64990662653,175.64990662653,20645704,3910050276.4
2024-03-28,175.71530818751,179.10684627823,174.34187540697,176.37866687743,20036725,3792149244.82
2024-03-29,177.79881505867,182.19006272433,176.93925168581,177.66801193671,16464806,3154024728.73
2024-04-01,181.25575471036,186.70277043181,180.69516990198,184.84349748401,27513187,5438688735.17
2024-04-02,185.08641756764,188.32846637612,183.59152474529,186.58131038999,24038110,4793028386.5
2024-04-03,185.87123629937,185.88057937951,181.81633951874,184.66597896135,23489041,4635543375.83
2024-04-08,184.66597896135,186.76817199279,181.81633951874,181.81633951874,18957556,3729974586.66
2024-04-09,181.25575471036,183.59152474529,180.98480538631,183.1243707383,14570001,2845224466.88
2024-04-10,181.3585285919,182.19006272433,178.94801391585,180.07852661276,17961495,3459617610.91
2024-04-11,178.27531214579,181.53604711455,174.71559861256,179.9477234908,19295444,3681659227.96
2024-04-12,178.45283066845,179.36845252214,175.65924970667,176.01428675198,16625645,3153751598.81
2024-04-15,181.11560850826,184.18948187423,179.25633556046,184.18948187423,30548250,5978911501.32
2024-04-16,185.92729478021,186.2075871844,182.11531808321,184.19882495437,27623120,5450235800.73
2024-04-17,182.51707052922,183.99327719129,180.34013285667,183.11502765816,21619164,4211033978.06
2024-04-18,181.22772546994,184.47911735856,178.81721079389,182.71327521215,19539576,3808772286.51
2024-04-19,180.37750517723,181.68553639679,177.06071172763,178.26596906565,18491472,3533488436.05
2024-04-22,180.13458509359,182.08728884279,178.05107822244,178.07910746286,15098743,2903026005.69
2024-04-23,178.57429071026,179.8542926894,175.53778966486,177.4531210935,11113796,2113386949.51
2024-04-24,179.38713868242,179.760861888,174.15501380418,177.14479944889,15154279,2865374635.48
2024-04-25,176.1824621945,181.58276251525,175.547132745,180.50830829918,16418323,3150746112
2024-04-26,179.39648176256,185.81517781854,179.39648176256,185.44145461295,22488071,4413524312.71
2024-04-29,187.39415836215,199.47476098279,186.86160279418,195.85898896872,43863035,9119637969.04
2024-04-30,196.95473198225,196.95473198225,193.35563695769,193.92996063182,21433024,4377316692.36
2024-05-06,201.97049206967,202.64053635616,197.21317763561,198.12252345299,27099899,5634660009.91
2024-05-07,197.35675855414,198.98400896418,196.37083624688,198.02680284063,13179902,2722386147.53
2024-05-08,198.14166757546,198.9074324743,194.41813575484,194.53300048966,12432997,2544539625.56
2024-05-09,197.44290710526,201.50146106913,197.37590267662,200.43896227198,21921628,4575999960.06
2024-05-10,200.43896227198,200.43896227198,194.31284308125,194.79144614302,22801132,4675581900.35
2024-05-13,187.89956205344,193.13547954928,187.14336921583,190.81904073028,22196723,4425713327.7
2024-05-14,192.01554838472,192.58987205885,189.64167719831,190.49359064827,10694712,2131826963.91
2024-05-15,190.49359064827,194.62872110202,189.0482094017,189.42151978989,13074116,2607766831.74
2024-05-16,190.29257736232,193.01104275321,188.55046221746,191.12534668981,15378204,3065019508.61
2024-05-17,191.15406287352,194.31284308125,190.08199201514,194.31284308125,18496201,3727316446.1
2024-05-20,198.33310880017,198.98400896418,194.32241514248,194.74358583684,19917171,4083626152.69
2024-05-21,194.95417118403,195.82522875646,191.97726013978,192.93446626333,12296358,2480343309.64
2024-05-22,193.83424001947,198.14166757546,192.97275450827,196.12196265476,25236561,5153120079.07
2024-05-23,195.46149042951,196.84943930866,194.43727987731,195.59549928681,17654820,3602986569.39
2024-05-24,194.12140185654,196.09324647105,192.19741754819,192.37928671167,15510693,3136303496.79
2024-05-27,193.16419573298,193.16419573298,190.00541552526,191.45079677182,16361785,3261446783.13
2024-05-28,190.92433340387,191.99640426225,189.14393001406,189.33537123877,12689994,2517505166.39
2024-05-29,189.53638452472,193.83424001947,189.33537123877,190.28300530109,13338755,2663801635.26
2024-05-30,190.53187889321,192.28356609931,189.20136238147,190.81904073028,12784004,2548445865.24
2024-05-31,190.81904073028,193.59493848858,189.29708299383,189.29708299383,13808627,2760668470.77
2024-06-03,189.29708299383,194.88716675538,187.42095899166,193.83424001947,18718068,3757638839.5
2024-06-04,193.34606489646,198.37139704511,192.39843083414,197.1557452682,17714939,3639805938.31
2024-06-05,196.89729961484,198.95529278048,195.27962126603,195.38491393963,11777390,2420867501.82
2024-06-06,195.25090508233,198.02680284063,193.5470781824,196.02624204241,12412570,2544442658.23
2024-06-07,190.35000972974,193.78637971329,179.5622967173,184.93222307043,51686760,10008885040.64
2024-06-11,180.91195735151,183.78357572216,176.70982246911,180.69179994309,42072363,7876263876.2
2024-06-12,178.04033898085,181.63943400541,177.5425917966,177.65745653143,20310392,3788449182.24
2024-06-13,178.9975451044,181.87873553629,177.19799759212,177.25542995953,22117637,4134985666.22
2024-06-14,178.1360595932,178.59551853251,170.93786954408,176.9778401837,37184949,6764196086.13
2024-06-17,174.73797785459,182.34776653683,174.50824838494,180.14619245266,26929318,5044213365.16
2024-06-18,180.09833214649,182.31905035313,179.01668922687,182.18504149583,15652909,2959271843.32
2024-06-19,182.44348714919,182.53920776154,179.64844526842,180.92152941274,10753975,2030697600.04
2024-06-20,181.85959141382,181.97445614865,179.09326571675,179.94517916672,11562370,2172637229.05
2024-06-21,180.25148512625,180.87366910656,174.56568075235,177.23628583706,18467717,3416688219.76
2024-06-24,175.16872061019,179.94517916672,175.16872061019,178.97840098193,18035490,3363422625.72
2024-06-25,178.9975451044,181.10339857622,177.65745653143,178.34664494038,14414412,2696969882.24
2024-06-26,177.19799759212,178.64337883868,175.3601618349,177.57130798031,10481398,1940490559.38
2024-06-27,177.57130798031,177.92547424602,175.17829267142,177.08313285729,12653577,2330478210.95
2024-06-28,175.93448550903,177.5425917966,172.14394925976,172.32581842324,19420506,3539244333.22
2024-07-01,171.52176527945,171.60791383057,163.84497216856,168.53528217397,26995744,4709620520.85
2024-07-02,166.41028457968,169.38719562393,164.7447459247,168.5448542352,14415586,2529552189.48
2024-07-03,169.42548386887,174.69011754841,168.76501164362,171.81849917775,16205321,2906473773.97
2024-07-04,172.67041262771,175.15914854895,171.53133734069,171.91421979011,11834646,2137596470.18
2024-07-05,173.25430836308,174.68054548718,168.94688080709,170.01895166547,13524707,2414693953.96
2024-07-08,168.47784980655,170.73685625814,167.520643683,168.3821291942,10806397,1907514420
2024-07-09,167.79823345883,169.71264570594,165.68280792578,168.2481203369,16443915,2876833389.62
2024-07-10,167.520643683,172.38325079065,165.64451968084,165.64451968084,17772919,3123226777.38
2024-07-11,167.51107162176,171.3207519935,166.0656903752,169.43505593011,20811148,3678618339.7
2024-07-12,170.23910907389,173.99135707822,169.42548386887,172.10566101482,19550460,3523525353.71
2024-07-15,170.66985182949,172.24924193335,169.53077654246,170.49755472725,11469696,2041627402.34
2024-07-16,169.90408693065,172.77570530131,169.71264570594,171.62705795304,15148737,2710034963.05
2024-07-17,170.38268999242,174.84327052818,168.4108453779,173.14901568949,18590141,3346445646.37
2024-07-18,172.29710223953,181.00767796386,171.99079627999,180.2897733712,31994401,5957621426.21
2024-07-19,178.37536112409,181.95531202618,178.23178020556,181.33312804587,20847631,3929663334.93
2024-07-22,183.00823876209,185.87028507151,179.38042755382,181.40970453575,17168252,3259890052.78
2024-07-23,180.92152941274,181.58200163799,178.23178020556,178.23178020556,11903104,2233862306.3
2024-07-24,178.04033898085,180.99810590262,177.45644324548,178.34664494038,14468136,2708577542.72
2024-07-25,178.15520371567,182.56792394525,177.14056522471,179.69630557459,20595888,3863507112.24
2024-07-26,181.86916347506,185.02794368278,180.00261153413,181.24697949475,23347718,4436931314.66
2024-07-29,178.9975451044,178.9975451044,172.29710223953,176.63324597922,21362366,3918833597.96
2024-07-30,175.37930595737,177.39901087807,175.37930595737,176.9778401837,12725163,2349179517.95
2024-07-31,174.21151448663,178.88268036957,174.21151448663,178.33707287915,19896940,3690880179.03
2024-08-01,177.08313285729,178.04033898085,172.39282285188,172.58426407659,23012659,4180640117.67
2024-08-02,171.33989611598,172.29710223953,169.17661027675,169.51163241999,15493685,2753866402.32
2024-08-05,167.520643683,172.478971403,167.51107162176,169.42548386887,19347659,3451887572.32
2024-08-06,170.77514450308,171.71320650416,166.27627572238,167.46321131559,15768703,2771240102.29
2024-08-07,167.46321131559,168.68843515373,166.23798747744,166.23798747744,12753959,2230380711.06
2024-08-08,165.60623143589,166.17098304879,162.83990573883,165.02233570053,14658996,2520197340.45
2024-08-09,166.17098304879,167.3866348257,162.725041004,162.725041004,15412989,2646422840.31
2024-08-12,163.27064849442,163.79711186238,159.66198140863,161.76783488045,17415581,2934605437.63
2024-08-13,161.66254220686,167.47278337682,161.17436708384,166.34328015103,19389256,3336604796.24
2024-08-14,165.58708731342,166.98460825381,164.37143553651,164.84046653705,9966285,1720375362.23
2024-08-15,164.63945325111,167.12818917234,163.95983690338,165.97954182408,14481202,2511442939.39
2024-08-16,165.97954182408,168.46827774532,165.48179463983,166.19012717126,11150641,1941327488.98
2024-08-19,165.9316815179,170.32525762501,165.74024029319,168.0853952959,14035843,2473581500.63
2024-08-20,167.51107162176,168.46827774532,166.2284154162,167.3866348257,8436955,1475662465.92
2024-08-21,166.55386549821,167.90352613242,164.63945325111,166.56343755945,11147405,1940113037.72
2024-08-22,167.49192749929,172.26838605582,166.84102733528,171.14845489127,19901136,3536569763.92
2024-08-23,169.42548386887,174.70926167088,169.42548386887,174.02007326192,18415176,3332172741.09
2024-08-26,174.11579387428,176.66196216293,173.25430836308,176.04935024386,14838749,2717728514.01
2024-08-27,174.70926167088,176.59495773428,173.73291142486,175.64732367196,9976992,1827225122.26
2024-08-28,174.97727938548,175.82919283544,173.52232607768,174.99642350795,10639015,1940292275.3
2024-08-29,171.50262115698,175.15914854895,171.50262115698,173.06286713837,15670242,2839993927.17
2024-08-30,173.06286713837,178.0020507359,173.06286713837,176.45137681575,25429171,4689604094.32
2024-09-02,176.5470974281,177.64788447019,173.25430836308,173.43617752656,12985176,2371406001.78
2024-09-03,172.58426407659,178.71038326733,172.316246362,177.7053168376,18196886,3362146073.33
2024-09-04,177.38943881683,180.91195735151,176.93955193876,179.14112602293,16564524,3101382415.29
2024-09-05,179.14112602293,181.43842071946,177.84889775614,178.80610387969,12318215,2302962597.23
2024-09-06,178.15520371567,180.43335428973,177.46601530671,177.99247867467,7525486,1404159124.51
2024-09-09,177.18842553088,180.5865072695,175.61860748826,177.22671377583,13475355,2494206446.2
2024-09-10,177.56173591907,177.56173591907,173.30216866926,173.40746134285,15424413,2809100737.45
2024-09-11,174.59439693606,179.74416588077,173.40746134285,178.57637441004,21197083,3938430662.64
2024-09-12,179.95475122795,183.93672870193,178.71995532857,181.24697949475,20709986,3931885572.83
2024-09-13,180.79709261668,180.79709261668,175.64732367196,175.64732367196,17287288,3202147524.27
2024-09-18,175.74304428432,179.40914373753,175.44631038602,178.42322143027,11377895,2116044596.22
2024-09-19,178.9975451044,180.16533657513,175.74304428432,178.90182449204,15769409,2940618896.64
2024-09-20,178.90182449204,179.8590306156,175.8196207742,177.65745653143,15502703,2874252971.74
2024-09-23,178.67209502239,181.32355598463,177.56173591907,180.14619245266,15792549,2968348168.22
2024-09-24,183.74528747722,189.68953750449,180.80666467791,189.06735352418,35451735,6891613101.73
2024-09-25,198.51497796364,198.52455002488,193.92038857059,194.4085636936,42010119,8606648805.95
2024-09-26,194.98288736773,198.45754559623,190.41701415839,196.71543045136,35489346,7190132217.19
2024-09-27,202.92769819322,221.76551470474,202.61182017245,217.10392088304,70181326,15567947397.43
2024-09-30,223.04817091031,244.087561506,222.07182066428,241.11065046175,91361145,22246725636.15
2024-10-08,283.33301257167,288.59764625121,256.20579103018,286.20463094233,137646479,39285155658.41
2024-10-09,267.92199398247,268.00814253359,244.087561506,244.087561506,108691594,29017394644.92
2024-10-10,244.087561506,254.60725680385,239.454683868,246.95917987666,60833833,15786972610.89
2024-10-11,244.56616456778,244.56616456778,227.74805297695,231.44286861386,47640230,11668275358.21
2024-10-14,239.291958827,241.98170803418,234.45806790306,239.03351317364,46759863,11671765786.38
2024-10-15,239.11966172476,240.10558403202,230.81111257232,230.89726112344,32765334,8057930637.14
2024-10-16,228.59996642691,228.59996642691,223.34490480861,223.84265199285,33585954,7918107275.66
2024-10-17,223.98623291139,228.65739879433,220.98060568343,221.5932176025,26164672,6135626737.15
2024-10-18,220.15740841718,247.80152126538,219.77452596775,239.19623821464,68013787,16734812130.47
2024-10-21,247.91638600021,251.29532361635,240.97664160445,242.51774346337,58455809,14972853360.17
2024-10-22,243.13035538245,243.66639081164,236.6787861097,239.82799425619,27876033,6986426718.6
2024-10-23,237.20524947765,244.03012913859,236.29590366028,238.63148660175,32154122,8076690148.32
2024-10-24,239.08137347982,240.73734007356,234.51550027047,235.62585937379,21465790,5297733385.73
2024-10-25,241.54139321735,253.65962274153,235.75986823109,247.80152126538,57898551,14887536977.89
2024-10-28,245.16920442561,247.54307561202,242.17314925889,245.2744970992,27601935,7053002719.83
2024-10-29,245.2744970992,246.68159010083,240.48846648144,241.00535778816,26994808,6853075171.39
2024-10-30,239.30153088823,241.50310497241,234.03689720869,237.41583482483,27134374,6734690047.33
2024-10-31,236.42034045634,239.78013395001,233.55829414692,235.45356227155,25500279,6286268642.67
2024-11-01,235.98002563951,239.12923378599,234.68779737271,235.66414761873,25915829,6418140472.770001
2024-11-04,233.55829414692,243.41751721951,233.55829414692,240.4501782365,24247222,6074686403.4
2024-11-05,239.85671043989,251.57291339218,238.46876156074,250.2041086355,48482094,12547431634.82
2024-11-06,247.90681393898,257.96705029752,242.65175232067,245.52337069133,45239310,11840068810.22
2024-11-07,246.95917987666,251.55376926971,243.01549064762,251.55376926971,33571027,8698717048.5
2024-11-08,258.12020327728,260.3600656064,246.09769436546,246.48057681488,40294127,10612727375.41
2024-11-11,241.55096527858,257.4788751745,240.26830907302,256.05263805041,49153907,12844920271.79
2024-11-12,266.37132006231,272.9951864373,259.38371536037,261.33641585242,74403008,20764206510.38
2024-11-13,257.48844723574,275.86680480796,255.35387758022,269.93212684193,55773688,15410247017.55
2024-11-14,270.88933296548,272.79417315135,262.90623389505,263.23168397706,42657210,11940874423.6
2024-11-15,257.96705029752,263.23168397706,254.19565817072,254.19565817072,35198317,9488134617.77
2024-11-18,254.19565817072,259.35499917667,249.83079824732,251.66863400454,30650010,8135717135.86
2024-11-19,250.80714849334,260.3600656064,246.95917987666,257.22042952115,34812887,9211079120.51
2024-11-20,255.52617468246,258.34993274694,253.27674029211,256.10049835659,22708778,6060616028.92
2024-11-21,254.29137878307,259.81445811597,252.37696653597,256.78011470431,20550827,5510533650.39
2024-11-22,256.46423668354,257.48844723574,247.80152126538,248.01210661257,22555101,5937579845.21
2024-11-25,251.80264286184,255.15286429427,250.00309534956,252.79813723033,26239071,6923644963.03
2024-11-26,250.37640573774,252.67370043427,244.71931754754,245.73395603851,27360405,7076484876.24
2024-11-27,243.80039966893,249.73507763496,240.70862388986,248.77787151141,27400665,7033615361.69
2024-11-28,248.10782722492,248.42370524569,242.65175232067,243.80039966893,22355598,5728197559.53
2024-11-29,240.4788944202,256.52166905095,240.4788944202,250.06052771697,31366272,8192074188.26
2024-12-02,247.57179179573,252.27167386238,246.20298703905,250.96987353434,20647547,5387882833.85
2024-12-03,249.83079824732,251.73563843319,247.91638600021,250.6348513911,17310789,4514867561.72
2024-12-04,248.87359212376,250.78800437087,246.48057681488,247.8876698165,16181395,4186965339.38
2024-12-05,246.94960781542,247.86852569403,244.09713356723,245.04476762955,16021580,4109014221.95
2024-12-06,245.04476762955,258.34993274694,244.087561506,255.14329223304,33038136,8719647873.97
2024-12-09,255.5644629274,258.12020327728,253.09487112863,256.57910141836,22456090,6005103478.7
2024-12-10,269.24293843297,269.45352378015,257.80432525651,258.99126084972,32904436,9035442039.71
2024-12-11,262.23618960856,267.53911153305,255.11457604933,255.66975560099,19400821,5262014871.75
2024-12-12,254.52110825273,263.59542230401,253.85106396624,261.99688807767,22329514,6055502392.49
2024-12-13,258.33078862447,260.3600656064,254.61682886508,255.60275117234,28316441,7596460114.56
2024-12-16,254.82741421226,257.96705029752,252.75027692415,255.76547621334,16257508,4333963457.3
2024-12-17,255.57403498863,266.10330234772,255.1337201718,262.08303662879,28214610,7746201690.520001
2024-12-18,262.57121175181,262.9732383237,258.74238725759,259.7953139935,15085329,4110472402.55
2024-12-19,257.73732082786,260.69508774964,255.21029666168,258.24464007335,15346018,4137668599.45
2024-12-20,258.24464007335,259.21141825814,249.1798980833,251.46762071859,27740098,7313368050.81
2024-12-23,251.46762071859,257.37358250091,251.46762071859,252.2238135562,20639383,5482614221.43
2024-12-24,251.74521049442,256.77054264308,251.74521049442,256.7513985206,19615352,5229920631.84
2024-12-25,257.40229868462,259.31671093173,254.8657024572,256.50252492848,11413810,3058526680.1
2024-12-26,255.76547621334,255.76547621334,249.83079824732,250.0700997782,22443762,5898437344.16
2024-12-27,249.41919961419,252.14723706631,244.087561506,250.78800437087,24351918,6338085456.58
2024-12-30,249.71593351249,256.05263805041,249.36176724678,255.17200841674,22631352,6013633016.57
2024-12-31,253.74577129265,258.92425642107,253.74577129265,254.61682886508,24933952,6694555730.67
2025-01-02,254.85613039597,254.90399070215,246.0019737531,247.70580065303,23354576,6090661831.17
2025-01-03,247.70580065303,251.74521049442,246.20298703905,246.60501361094,18523758,4812148522.42
2025-01-06,246.95917987666,248.87359212376,242.17314925889,245.76267222222,17289077,4433101113.47
2025-01-07,232.60108802336,241.21594313534,230.76325226614,238.77506752028,40103599,9934923663.6
2025-01-08,235.46313433279,237.68385253943,232.9073939829,234.84095035248,27185752,6681628785.11
2025-01-09,231.0216979195,239.54083241912,230.83982875603,236.74579053835,16932878,4168600175.92
2025-01-10,235.9513094558,239.25367058206,234.20919431093,235.47270639402,14729433,3643092329.08
2025-01-13,233.07969108514,239.30153088823,231.64388189981,236.34376396646,18092226,4467775090.65
2025-01-14,237.1095288653,246.0019737531,234.71651355642,245.23620885426,20246734,5108567634.520001
2025-01-15,245.23620885426,245.42765007897,238.98565286746,240.13430021573,15062665,3798504600.23
2025-01-16,241.21594313534,243.70467905658,237.63599223325,239.23452645959,16188378,4056598313.89
2025-01-17,237.8657217029,242.65175232067,237.46369513101,240.73734007356,11106600,2786220135.4
2025-01-20,245.52337069133,256.157930724,245.34150152785,254.15736992578,34283497,9048642227.01
2025-01-21,257.00984417396,257.25871776609,251.9557958416,252.87471372021,13893306,3681448144.13
2025-01-22,250.78800437087,253.56390212917,243.33136866839,246.95917987666,25040737,6440345376.16
2025-01-23,248.73001120523,251.26660743265,245.98282963063,246.48057681488,16553688,4291744662.35
2025-01-24,246.22621694922,254.66105903603,246.22621694922,250.66003930044,22439796,5876198259.64
2025-01-27,250.66965713634,252.92023073761,247.1783827036,247.1783827036,17102637,4460049868.79
2025-02-05,250.06373347446,251.98730065503,241.4557703414,242.484878783,24048140,6141794779.18
2025-02-06,241.40768116188,243.80252230169,239.67647069937,243.42742670148,24896101,6261792979.68
2025-02-07,247.1783827036,252.52589946559,242.00398698786,251.29481647003,34441254,8922582684.06
2025-02-10,251.29481647003,251.47755535218,245.42793656928,248.57296890951,22926710,5928297100.65
2025-02-11,250.48691825418,250.5446252696,241.4653881773,242.17710803411,24791980,6268157349.51
2025-02-12,240.4555154075,246.21659911331,237.63748948796,245.54335060011,27382214,6902713445.39
2025-02-13,246.20698127741,253.9012499997,245.35099388206,251.40061266496,37534967,9803005760.98
2025-02-14,251.5352623676,262.56692014818,251.5352623676,259.40265213614,38780030,10409880413.13
2025-02-17,264.39430896973,264.39430896973,255.85367068798,259.10449922315,24182960,6513084025.55
2025-02-18,262.52844880457,264.9713791239,258.71978578704,260.42214274184,23845755,6497674092.82
2025-02-19,258.30621884321,265.45227091904,258.28698317141,263.09590112284,20445539,5580141095.98
2025-02-20,262.37456343012,262.37456343012,256.79621860646,259.87392609538,19589001,5267400818.81
2025-02-21,258.31583667912,266.29864047849,257.54640980689,265.01946830341,30951906,8443562273.09
2025-02-24,262.57653798408,264.20195225167,257.9118875712,261.12424476275,27753762,7510840227.9
2025-02-25,257.2578747298,263.52870373847,254.40137746665,259.18144191037,23209375,6243748571.26
2025-02-26,261.07615558324,262.45150611735,256.96933965271,258.35430802273,21173074,5698649749.86
2025-02-27,259.9412509467,261.31660148081,257.44061361196,259.68156937732,23185110,6250587949.69
2025-02-28,259.29685594121,260.9415058806,253.53577223539,254.19940291269,22265458,5935077344.85
2025-03-03,254.87265142589,268.62615676699,252.2181287167,263.07666545103,38736403,10603328988.12
2025-03-04,259.68156937732,260.64335296761,252.68940267594,252.94908424532,26836542,7115460892.09
2025-03-05,252.94908424532,253.80507164067,248.62105808903,251.01589922884,20869610,5438997025.6
2025-03-06,252.2277465526,255.38239672874,251.02551706474,254.20902074859,25027321,6601078271.87
2025-03-07,252.91061290171,253.50691872768,248.79417913528,250.79468900308,22287108,5812794648.75
2025-03-10,251.79494393697,251.85265095239,243.91793633253,246.69749090846,28675074,7355227161.05
2025-03-11,243.39857319377,245.73570731817,243.37933752197,245.44717224108,17135077,4355529582.69
2025-03-12,246.22621694922,246.81290493929,241.87895512112,244.77392372788,19914690,5058919203.76
2025-03-13,244.29303193274,249.29430660223,243.33124834245,243.54284073232,16885150,4316530458.89
2025-03-14,243.33124834245,254.72838388735,242.99462408585,251.98730065503,35108935,9148092796.94
2025-03-17,253.04526260435,255.32468971333,245.96653537984,246.21659911331,33515486,8685706367.06
2025-03-18,248.14016629389,250.81392467488,245.73570731817,247.1783827036,22576732,5817534421.17
2025-03-19,247.37073942166,256.76736509875,246.96679031374,255.2477470261,36954120,9737109378.54
2025-03-20,255.2477470261,256.31532681132,251.04475273655,252.13156819357,14424653,3794188019.64
2025-03-21,252.64131349643,254.42061313846,245.89921052852,246.21659911331,19432006,5026360931.88
2025-03-24,247.8516312168,249.08271421237,246.48589851859,248.29405166833,16730217,4311680872.58
2025-03-25,247.8612490527,250.06373347446,245.53373276421,249.56360600751,12785778,3303477319.98
2025-03-26,249.48666332029,252.66054916823,246.88984762651,247.10144001638,12904626,3336108307.58
2025-03-27,246.39933799547,252.75672752726,244.53347783031,248.98653585334,14179206,3675726420.1
2025-03-28,246.32239530824,248.98653585334,246.02424239526,246.98602598554,11242068,2888588257.91
2025-03-31,246.27430612873,248.12093062208,242.484878783,243.27354132704,19463355,4951863265.85
2025-04-01,243.27354132704,244.77392372788,239.08016487339,239.54182099673,19416208,4862442756.21
2025-04-02,240.63825428965,242.8118852037,238.0991456113,239.61876368395,13732112,3433096886.45
2025-04-03,235.63697962016,238.23379531394,233.28060982396,233.79035512681,23281639,5693962717.17
2025-04-07,217.44965192785,221.21022576587,201.11856656478,206.99506430143,72364582,15811389636.04
2025-04-08,211.54430068349,216.40130781444,208.12996893797,210.67869545223,47659421,10471952816.27
2025-04-09,204.78296204378,210.39016037515,202.06111448327,203.31143315064,53602339,11459705354.46
2025-04-10,212.55417345329,214.2757660799,207.2258923631,209.64958701062,37274119,8168675412.18
2025-04-11,207.74525550186,216.93028878909,206.49493683449,215.43952422415,30299115,6696905324.87
2025-04-14,218.46914253355,219.28665858529,214.16996988497,215.43952422415,20696504,4642121045.01
2025-04-15,217.36309140472,221.6430283815,216.51672184527,219.43092612384,26686542,6087451729.5
2025-04-16,218.32487499501,218.49799604126,213.08315442795,216.2955116195,21655096,4838764472.01
2025-04-17,214.47774063386,218.6422635798,213.72754943344,217.36309140472,15737659,3551280611.34
2025-04-18,216.6032823684,217.84398319986,215.11251780345,216.84372826597,11512794,2588857714.93
2025-04-21,216.84372826597,226.0191437173,215.6126452704,222.51825144866,22008191,5088523082.08
2025-04-22,225.63442488627,226.77240720309,222.88757101809,226.31132816093,16935423,3885729764.44
2025-04-23,230.53952107945,234.21834322434,228.57748260218,228.9208393357,19197980,4507058716.13
2025-04-24,230.04901146013,234.13005149286,227.8417181732,232.3740270557,18155439,4297351278.47
2025-04-25,232.69776340445,233.40409725627,230.62781281093,232.10915186127,12761989,3016796564.98
2025-04-28,233.72783360502,233.73764379741,228.77368644991,230.39236819366,14312432,3357178149.08
2025-04-29,229.55850184082,230.34331723172,226.34075873809,227.6258939407,16742435,3892978723.57
2025-04-30,228.62653356411,229.9312891515,227.10595374423,227.10595374423,15632835,3635403837.28
2025-05-06,229.47021010934,231.81484608968,226.81164797264,227.23348624525,19687679,4591289270.22
2025-05-07,231.96199897547,236.30791420263,231.59902185718,234.08100053093,31280985,7444719326.75
2025-05-08,234.94429746093,243.95986426399,233.46295841059,239.9278751932,31285640,7666995082.28
2025-05-09,241.39940405115,245.02917523411,240.00635673229,243.55764637615,23693317,5858468263.59
2025-05-12,250.15990585217,253.09315337569,248.1978673749,252.12194432944,30231506,7731591601.270001
2025-05-13,257.02704052262,257.02704052262,250.17952623694,253.85834838183,20480591,5281511474.78
2025-05-14,253.85834838183,259.44034784967,251.15073528319,257.6156520658,23146307,6020688165.31
2025-05-15,257.63527245058,257.88052726024,254.6725943499,255.24158550831,14111893,3685574613.84
2025-05-16,254.22132550012,256.76216532819,252.83808837365,254.43714973262,18900058,4904611047.57
2025-05-19,255.55551166467,255.59475243421,252.38681952387,255.06500204535,16974017,4399897902.76
2025-05-20,259.42072746489,260.46060785785,250.3561096999,258.00805976126,34642364,9053425367.26
2025-05-21,261.92232652342,274.67557662568,260.75491362944,268.87775292535,56524517,15470587405.46
2025-05-22,272.52714449307,272.66448718648,263.17803114887,265.23817155001,27608118,7470701466.92
2025-05-23,265.86602386273,268.79927138625,261.88308575387,261.92232652342,23000352,6218224096.63
2025-05-26,259.97009823853,261.32390478785,248.09976545104,251.04282316694,33012215,8477228630.01
2025-05-27,251.03301297456,252.32795836956,247.59944563933,249.16907642115,17667995,4491281265.98
2025-05-28,250.75832758774,253.36783876251,248.51179353126,248.78647891808,15456265,3946773465.49
2025-05-29,248.1978673749,249.15926622876,244.27379042036,247.06969525047,21788285,5487937547.64
2025-05-30,246.13772697376,247.85451064138,242.77283098524,245.25480965899,20433747,5107325147.85
2025-06-03,247.21684813626,249.08078468967,245.68645812399,246.38298178342,15841166,3989341996.16
2025-06-04,247.70735775558,248.78647891808,245.94152312604,246.28487985956,13040195,3285855858.94
2025-06-05,246.58899582354,247.64849660126,243.55764637615,246.72633851695,13525851,3386751734.82
2025-06-06,247.21684813626,248.52160372365,243.78328080104,244.15606811172,16551474,4138221069.73
2025-06-09,244.15606811172,246.11810658899,240.84022308513,240.91870462422,18549757,4593124638.49
2025-06-10,240.34971346581,242.17440924967,237.6224799824,238.52501768195,13932459,3406606343.21
2025-06-11,241.41902443592,247.64849660126,240.15350961808,245.74531927831,27993404,7006354612.93
2025-06-12,247.21684813626,247.70735775558,244.04815599547,245.06841600365,17569617,4386403720.61
2025-06-13,243.39087310558,245.65702754683,241.69370982274,243.48897502945,17403245,4322411795.88
2025-06-16,243.29277118172,243.97948464876,241.13452885672,241.97820540195,12217571,3013514215.11
2025-06-17,242.27251117354,243.71460945433,240.56553769831,241.58579770649,9765024,2407928749.8
2025-06-18,242.29213155831,244.84278157876,240.90889443183,240.90889443183,10460561,2586543839.29
2025-06-19,240.6440192374,241.48769578263,237.01424805445,237.50475767377,14798456,3604508604
2025-06-20,236.48449766559,238.50539729718,234.95410765331,235.69968227468,13688340,3293985956.97
2025-06-23,234.75790380559,236.03322881581,233.51200937252,235.06201976956,12709927,3040680713.46
2025-06-24,236.01360843104,243.37125272081,236.01360843104,241.25225116536,23501081,5767361453.67
2025-06-25,241.82124232377,251.02320278217,241.33073270445,250.06180392831,31537723,7930320892.2
2025-06-26,251.02320278217,251.42542067001,247.57001506217,247.99185333479,19914530,5062386536.58
2025-06-27,251.63143471013,252.56340298683,245.36272177524,246.22601870524,23620067,5985026676.06
2025-06-30,246.72633851695,248.68837699422,244.9605038874,247.43267236876,17623370,4434817078.09
2025-07-01,247.70735775558,247.94280237285,245.13708735035,246.72633851695,9532258,2395104336.39
2025-07-02,246.72633851695,247.22665832865,244.4601840757,245.69626831638,11571374,2897311834.39
2025-07-03,246.69690793979,258.21407380137,245.83361100979,257.60584187342,33803747,8746803693.22
2025-07-04,259.97990843092,264.85557404694,256.02640089921,260.75491362944,27206013,7214227943.16
2025-07-07,260.75491362944,263.77645288444,253.96626049808,255.93810916774,17466498,4568972964.97
2025-07-08,255.7517155124,260.8530155533,254.8884185824,258.31217572524,15592292,4104293094.04
2025-07-09,257.22324437035,269.25054023603,257.12514244649,265.66000982262,29388371,7948423738.84
2025-07-10,269.7704804325,269.7704804325,263.40366557376,266.83723290898,24239349,6594201202.24
2025-07-11,266.34672328966,268.79927138625,264.97329635557,266.34672328966,21328153,5798544034.020001
2025-07-14,265.85621367035,266.17013982671,261.04921940103,263.40366557376,14978884,4013693003.02
2025-07-15,263.40366557376,267.3277425283,260.95111747717,262.66790114478,16952649,4553827628.41
2025-07-16,263.40366557376,263.59986942148,258.0473005308,259.38148669535,15626479,4135841242.09
2025-07-17,260.33307535683,262.66790114478,259.3422459258,260.46060785785,14511017,3852746250.96
2025-07-18,263.59986942148,267.27869156637,260.75491362944,266.05241751807,22186558,5981601234.68
2025-07-21,271.74232910216,276.64742529534,268.35781272887,274.35184027693,32486275,9047295148.53
2025-07-22,274.68538681807,284.49557920443,273.88095104239,281.21897494739,33309029,9468912161.33
2025-07-23,282.69050380534,285.23134363341,281.15030360068,281.57214187329,20018974,5772653125.61
2025-07-24,283.51455996579,283.71076381352,277.5401528025,279.78668685898,22389114,6394082072.26
2025-07-25,279.78668685898,279.78668685898,276.40217048568,277.43224068625,13432601,3802835260.35
2025-07-28,277.64806491875,283.60285169727,275.9607118283,280.86580802148,23897336,6830867028.98
2025-07-29,281.25821571693,286.4576176817,281.23859533216,286.28103421875,23394555,6785427583.3
2025-07-30,286.65382152943,286.65382152943,271.11447678944,271.83062083364,41594301,11712764593.4
2025-07-31,275.47020220898,276.62780491057,259.59731092785,259.59731092785,44710355,12088514551.35
2025-08-01,259.7738943908,261.53972902035,257.7628049516,258.07673110796,25250002,6682814646.11
2025-08-04,258.00805976126,262.91315595444,256.73273475103,261.42200671171,23768168,6286238371.41
2025-08-05,262.42264633512,263.89417519307,258.49856938058,260.65681170558,21976040,5844478669.62
2025-08-06,260.18592247103,261.83403479194,258.23369418615,259.97009823853,15323311,4058482395.72
2025-08-07,259.97009823853,261.4318169041,257.22324437035,258.05711072319,16548104,4363462114.28
2025-08-08,258.98907899989,261.10808055535,257.03685071501,258.4789489958,17428216,4604736202.88
2025-08-11,258.4789489958,261.09827036296,257.51755014194,258.65553245876,21330876,5627553110.23
2025-08-12,258.49856938058,260.14668170149,252.82827818126,258.25331457092,22240739,5829140856.36
2025-08-13,259.74446381364,269.78029062489,259.4893988116,268.4068636908,39466769,10661084796.93
2025-08-14,271.63441698591,276.64742529534,269.2701606208,274.57747470182,37170757,10378442059.43
2025-08-15,273.09613565148,276.94173106693,270.85941178739,275.34266970796,24109169,6735591187.3
2025-08-18,275.34266970796,280.0613722458,272.74296872557,277.62844453398,28528793,8056186541.66
2025-08-19,277.62844453398,278.60946377261,270.97713409603,272.52714449307,24428585,6816442573.39
2025-08-20,273.21813949039,275.66971847176,267.85223368778,274.89190827285,23353492,6414344336.6
2025-08-21,274.96082816389,277.45178994015,273.71042442641,274.69499429844,18269814,5103914720.5
2025-08-22,274.6260744074,284.88529247403,274.30116634963,282.74877585171,26421851,7543698627.98
2025-08-25,285.52526289086,289.34539399436,282.3549479029,285.80094245503,31229720,9046692965.14
2025-08-26,282.59124467218,286.49998706417,281.17346405645,285.03297795484,23024462,6648848315.09
2025-08-27,284.54069301882,285.07236074972,273.89749270209,274.00579538802,38258429,10859010299.88
2025-08-28,271.80035887465,274.68514859972,268.51189550205,273.1295282019,30466401,8407974991.21
2025-08-29,274.01564108674,311.77389567937,273.6611959328,301.45560342042,78013892,23482893636.73
2025-09-01,301.77066577947,302.16449372829,294.6817627008,299.30924109938,42996421,13012795663.32
2025-09-02,299.33877819554,306.29968719085,294.41592883535,298.19667714398,37116889,11289093082.83
2025-09-03,298.81695616336,306.84120062047,298.3542083235,304.23209045957,50897473,15640548986.17
2025-09-04,308.63311778757,318.34097672586,295.99124063061,299.33877819554,65754754,20442631453.08
2025-09-05,295.27250462403,320.09351109809,295.19373903426,320.09351109809,70819779,22440211715.74
2025-09-08,328.8463372605,332.44001729344,318.50835360411,320.34949926482,58834578,19349632049.47
2025-09-09,317.81915469368,329.41738778628,312.26618061539,315.06235905198,43402397,14085497657.59
2025-09-10,313.08337360918,317.03149879605,308.17036994772,311.16346235871,36752683,11649703595.37
2025-09-11,310.68102312141,317.99637727065,304.27147325445,317.57301222567,38034460,12060756826.83
2025-09-12,320.871321297,324.80960078515,317.22841277046,319.98520841217,33871316,11031032652.98
2025-09-15,340.67102142367,365.78739885935,338.71172737832,349.22693361168,71841023,25586615240.53
2025-09-16,350.61517713125,353.46058406144,343.12260040505,347.96668417547,37744465,13325722241.64
2025-09-17,351.29453034296,375.98754273366,348.53773470125,371.28129874532,54377100,20113064234.21
2025-09-18,368.8100283665,374.13655137422,355.23280983111,361.22884035181,51889690,19308545613.54
2025-09-19,359.36800329366,369.91274662318,356.13861411338,362.80415214707,33914886,12515443886.56
2025-09-22,364.78313758987,366.96888270579,357.18225817774,364.34008114745,28527763,10474484764.41
2025-09-23,362.32171290978,371.14345896323,354.44515393348,362.46939839058,34849315,12813882349.63
2025-09-24,365.27542252589,374.13655137422,360.41164735802,374.06763148318,38314548,14311189086.36
2025-09-25,370.7890138093,396.37798478355,370.66101972593,386.78827422991,46639338,18251421707.6
2025-09-26,385.97108123611,393.81810311625,374.13655137422,374.53037932304,36263326,14106499741.53
2025-09-29,380.37872436294,393.71964612905,380.05381630517,391.23853005151,38964745,15381134070.09
2025-09-30,389.88966932682,402.57092927867,389.88966932682,395.79708855905,33031310,13278445666.93
2025-10-09,393.80825741753,417.81207089781,393.57196064824,403.56534484942,41208823,16989122538.13
2025-10-10,394.81251868701,397.56931432872,373.16182720091,376.0564626247,53311798,20684330795.05
2025-10-13,357.2610237675,378.6655727856,357.2610237675,368.72141707802,47150998,17618650276.77
2025-10-14,375.12112124626,379.84705663204,350.28042337476,352.4760141894,49639939,18319370880.77
2025-10-15,352.96829912542,364.00532739096,349.286007804,363.60165374342,36993355,13383852916.96
2025-10-16,361.82942797376,368.1306751548,358.87571835764,362.81399784579,27629467,10185159269.4
2025-10-17,361.82942797376,369.21370201404,351.48159861864,352.61385397149,31905761,11588825855.03
2025-10-20,359.36800329366,363.19798009589,353.98240609362,360.84485810172,28432420,10372513059.32
2025-10-21,367.24456226996,375.46572070148,357.49732053679,370.09981489887,44632870,16784956526.03
2025-10-22,370.09981489887,373.03383311754,362.51862688418,367.10672248788,21945879,8178934535
2025-10-23,368.03221816759,372.95506752778,363.30628278181,370.64132832849,23998098,8982628026.73
2025-10-24,374.10701427806,381.81619637612,372.16741163015,379.81751953588,32041578,12276721104.42
2025-10-27,386.93595971071,386.93595971071,370.75947671314,380.22119318342,40451018,15542852577.46
2025-10-28,380.20150178598,387.72361560834,377.10995238778,380.51656414503,28708295,11160796766.31
2025-10-29,380.04397060645,393.86733160985,378.7640297728,393.82794881497,34474046,13644645225.55
2025-10-30,399.71567664976,402.76784325307,390.70686232061,392.14433433379,34306088,13797530228.7
2025-10-31,391.8588090709,400.52302394483,382.21002432493,382.77122915199,34048350,13515773431.18
2025-11-03,381.02854047849,385.86277855019,369.97182081551,380.8907006964,26368177,10106566781.1
2025-11-04,377.14933518266,380.53625554247,368.229132142,373.10275300859,23939074,9091842152.99
2025-11-05,367.09687678916,386.93595971071,366.25999239793,382.70230926095,31142532,11937586811.02
2025-11-06,383.9822500946,393.32581818023,382.70230926095,388.59003709573,23447477,9261688311.6
2025-11-07,387.42824464673,391.3763698336,382.87953183792,389.26939030744,16554892,6516185370.89
2025-11-10,392.25263701971,394.1331654753,377.40532334939,378.57696149711,23895991,9267204047.49
2025-11-11,380.04397060645,388.67864838422,378.56711579839,379.65014265763,19303175,7500041113.2
2025-11-12,384.75021459479,386.92611401199,378.05513946493,380.41810715782,21299825,8261238196.73
2025-11-13,379.10862922801,414.79928708937,379.10862922801,409.18723881876,56265449,22945441956.47
2025-11-14,400.71993791924,408.20266894672,397.64807991848,397.88437668777,24172120,9879119548.47
2025-11-17,382.01311035052,386.34521778749,376.59797605432,384.75021459479,47685503,18542294255.24
2025-11-18,382.99768022256,392.47908809028,375.12112124626,379.05940073441,39565814,15353867656.8
2025-11-19,379.55168567043,392.29201981459,379.02001793953,385.06527695384,29266686,11462348543.06
2025-11-20,388.80664246758,388.90509945479,371.19268745683,373.53596375228,33674285,12895238922.61
2025-11-21,369.21370201404,377.09026099034,364.29085265385,364.29085265385,31631335,11850710342.42
2025-11-24,368.03221816759,369.11524502683,361.5143656147,364.83236608347,22845819,8464724008.41
2025-11-25,369.21370201404,373.80179761773,364.87174887835,366.61443755186,20633246,7733117131.64
2025-11-26,369.70598695006,369.70598695006,364.35977254489,367.067339693,18910660,7048903988.16
2025-11-27,367.24456226996,373.03383311754,364.29085265385,365.4723365003,22200259,8289124681.24
2025-11-28,364.78313758987,369.68629555262,360.51010434523,367.44147624437,20340263,7542337298.26
2025-12-01,368.97740524475,377.06072389418,368.25866923816,377.06072389418,26751013,10120862870.74
2025-12-02,377.58254592636,379.03970933697,371.57666970693,374.21531696399,16348461,6220569501.6
2025-12-03,374.22516266271,377.45455184299,369.21370201404,370.27703747584,13991135,5294871742.79
2025-12-04,373.33904977787,377.68100291356,369.36138749484,377.43486044555,19165809,7299943081.35
2025-12-05,381.22545445289,383.30289688289,376.1056911183,383.08629151104,23291559,9004580815.99
2025-12-08,384.40561513958,389.27923600616,379.55168567043,386.44367477469,21659758,8476698700.28
2025-12-09,385.45910490266,386.2073780054,380.04397060645,381.60943670299,18691773,7255076087.46
2025-12-10,379.10862922801,382.01311035052,371.43882992484,376.47982766967,19433405,7399361240.71
2025-12-11,378.96094374721,392.70553916085,377.46439754171,382.98783452384,28215378,11089031994.57
2025-12-12,385.95138983867,387.31994196081,379.55168567043,385.75447586427,24002022,9355490916.02
2025-12-15,385.45910490266,388.87556235863,379.26616040754,379.55168567043,18274993,7099251459.21
2025-12-16,380.04397060645,383.07644581232,372.19694872631,372.57108527769,19121676,7292054834.58
2025-12-17,370.64132832849,378.56711579839,369.27277620636,377.50378033659,22257408,8453303233.62
2025-12-18,373.71318632925,375.07189275266,364.30069835257,366.25999239793,29639283,11079385459.43
2025-12-19,368.30789773176,371.8523492711,365.07850855148,368.229132142,17559945,6572807889.61
2025-12-22,370.19827188607,372.15756593143,362.42016989698,366.1024612184,25493538,9489773616.32
2025-12-23,366.25999239793,374.62883631024,365.86616444911,372.26586861735,23604086,8879315764.06
2025-12-24,372.24617721991,372.24617721991,366.25999239793,369.80444393726,21088387,7902857946.37
2025-12-25,368.43589181513,368.43589181513,363.42443116646,367.25440796868,20343144,7559336244
2025-12-26,367.20517947508,372.16741163015,364.38930964105,368.65249718698,25723689,9616116052.74
2025-12-29,368.229132142,368.65249718698,362.32171290978,363.61149944214,24124072,8924502782.7
2025-12-30,361.43560002494,365.27542252589,360.90393229404,363.50319675622,19030821,7014015793.59
2025-12-31,364.08409298072,366.25999239793,361.48482851854,361.59313120447,16026597,5920431545.03
2026-01-05,364.29085265385,372.16741163015,362.50878118546,371.67512669413,33688135,12583419573.97
2026-01-06,374.13655137422,374.62883631024,363.34566557669,368.21928644328,34147710,12764795666.72
2026-01-07,367.19533377636,369.68629555262,362.80415214707,365.28526822461,26228535,9730943679.39
2026-01-08,362.32171290978,367.56947032773,361.33714303774,363.51304245494,26959035,9962397479.55
2026-01-09,363.47365966006,371.8031207775,361.34698873646,363.53273385238,31477187,11681035309.14
2026-01-12,362.32171290978,362.32171290978,346.23384120068,356.0992313185,48830739,17505537198.65
2026-01-13,360.59871563371,362.09526183921,351.49144431736,353.46058406144,29670920,10745692370.44
2026-01-14,354.47469102964,355.64632917736,346.28306969429,348.51804330381,38083365,13553362724.06
2026-01-15,347.3070223612,352.75169375357,346.37168098277,348.29159223324,32370912,11474019059.88
2026-01-16,352.46616849068,356.13861411338,346.08615571988,346.88365731623,31981842,11350569563.22
2026-01-19,346.046772925,349.85705832978,340.00151391069,343.51642835386,33864284,11842421263.8
2026-01-20,344.5994552131,351.40283302888,342.53185848182,344.20562726429,35440589,12466608900.39
2026-01-21,346.50952076485,352.17079752907,343.61488534106,344.41238693741,39393573,13919426404.51
2026-01-22,345.6135621813,348.2719008358,334.26147155671,340.46426175054,45994818,15851213229.04
2026-01-23,342.64016116775,344.5994552131,337.95360857685,341.64574559699,33976127,11775914385.67
2026-01-26,346.58828635462,347.1101083868,335.94508603789,336.7721247304,33291386,11468681279.21
2026-01-27,339.56830316699,339.57814886571,328.86602865794,334.1630145695,32294885,10953698562.46
2026-01-28,332.66646836401,338.69203598088,327.87161308719,334.74391079401,46308171,15638344008.57
2026-01-29,335.24604142875,339.83413703244,332.94214792818,336.61459355088,33844419,11569006794.24
2026-01-30,343.02414341784,348.30143793196,338.79049296808,344.5994552131,48650115,17048600000.2
2026-02-02,351.49144431736,352.46616849068,338.82003006424,343.59519394362,39191747,13766144457.61
2026-02-03,343.61488534106,347.35625085481,338.19975104486,342.54170418054,26516325,9220045792
2026-02-04,345.54464229026,360.99254358252,342.14787623173,359.39754038982,48531685,17369398061.77
2026-02-05,360.12612209513,361.09100056973,350.52656584277,357.33978935727,28427157,10268243283.13
2026-02-06,353.77564642049,367.12641388532,352.48585988812,363.41458546774,39372618,14514523059.03
2026-02-09,364.78313758987,366.75227733394,357.00503560077,363.12906020485,27448630,10080946318.6
2026-02-10,359.53538017191,365.07850855148,358.38343342163,359.3384661975,18563499,6798020174.47
2026-02-11,361.23868605053,365.26557682717,358.87571835764,362.32171290978,19653459,7239804070.68
2026-02-12,364.29085265385,372.04926324551,362.35125000594,370.07027780271,27754580,10410892196.36
2026-02-13,369.81428963598,371.18284175811,359.37784899238,359.70275705016,22314532,8229700941.45
2026-02-24,366.89011711603,367.73684720598,356.36506518395,356.36506518395,22695131,8316534692.71
2026-02-25,358.07821676129,360.94331508892,354.54361092068,356.59151625452,18716639,6802110618.55
2026-02-26,350.55610293893,352.67292816381,338.19975104486,340.66117572495,43541381,15108143010.07
2026-02-27,341.76389398163,343.55581114874,336.73274193552,336.73274193552,25446620,8775054149.27
2026-03-02,335.73832636476,339.57814886571,331.48498451756,334.97036186458,28351326,9643254983.63
2026-03-03,340.98608378272,348.88233415646,338.72157307704,338.76095587192,40007479,13919957237.98
2026-03-04,335.83678335197,336.74258763424,329.04325123491,333.67072963349,25080441,8468604901.53
2026-03-05,339.26308650666,348.39004922045,337.37271235235,344.84559768111,31006068,10819502021.19
2026-03-06,343.61488534106,351.5111357148,339.34185209642,349.29585350272,20963113,7388868682.39
2026-03-09,343.45735416154,354.29746845267,339.73568004524,351.98372925338,31797613,11217996825.3
2026-03-10,369.21370201404,373.91010030366,360.84485810172,370.49364284769,50741728,19049080512.74
2026-03-11,373.72303202797,397.32317186071,373.13229010475,390.67732522445,57598685,22642696276.06
2026-03-12,393.82794881497,394.71406169981,386.6405887491,389.3973843908,29150375,11537671606.62
2026-03-13,387.8023811981,397.7563826044,387.72361560834,390.87423919886,35582639,14201304444.44
2026-03-16,395.57063748848,406.79473402971,391.8588090709,402.09833574009,37352104,15195015004.76
2026-03-17,409.36446139572,413.51934625572,398.31758743146,398.75079817516,35980678,14787230789.87
2026-03-18,399.10524332909,399.7353680472,390.64778812829,395.81677995649,26529996,10653633584.46
2026-03-19,395.73801436673,407.6119270235,393.82794881497,394.32023375099,29286635,11867380765.39
2026-03-20,398.82956376492,415.56725158956,393.95594289834,406.62735715146,53729677,22252017693.22
2026-03-23,410.89054469738,410.92008179354,392.59723647493,395.78724286033,44614145,18193336487.17
2026-03-24,398.75079817516,405.54433029222,382.01311035052,390.86439350014,36410525,14439124609.63
2026-03-25,386.93595971071,394.32023375099,381.81619637612,391.67174079521,26752828,10553996246.79
2026-03-26,387.76299840322,407.33624745933,385.95138983867,396.28937349507,26763697,10811439764.3
2026-03-27,399.85351643184,411.87511456942,395.5312546936,409.75828934454,30258043,12465856864.08
2026-03-30,406.62735715146,412.38709090288,399.34154009838,406.62735715146,25348419,10440376424.48
2026-03-31,406.62735715146,410.51640814601,395.38356921279,395.50171759744,24925645,10159878345.8
2026-04-01,403.4078136699,403.54565345198,389.88966932682,399.44984278431,23170073,9384266504.41
2026-04-02,401.60605080407,405.6329415807,391.07115317327,394.97989556526,22305638,8988161794.19
2026-04-03,393.82794881497,394.6156047126,379.18739481778,380.49687274759,24751501,9640031385.12
2026-04-07,383.96255869716,387.13287368512,375.60356048356,378.65572708688,17257622,6675632984.29
2026-04-08,390.38195426284,391.51420961569,382.22971572237,385.26219092825,36418443,14315333338.28
2026-04-09,388.01898656995,388.19620914692,380.69378672199,383.97240439588,25955199,10132744607.16
2026-04-10,387.92052958275,412.53477638368,386.62089735166,409.58106676757,50788702,20752496341.08
2026-04-13,411.55020651165,426.64366264998,409.58106676757,420.53932944335,41239924,17625505878.02
2026-04-14,414.99620106378,425.81662395747,408.00575497231,424.14285517501,44220826,18663656302.9
2026-04-15,432.10802543979,432.67907596557,420.48025525103,424.34961484813,37353628,16122379460.43
2026-04-16,434.19531356851,452.90214113722,426.33844598965,446.97503050755,63506218,28517416468.4
2026-04-17,448.92447885419,450.57855623921,434.20515926723,437.34593715903,36535848,16290232435.5
2026-04-20,426.31875459221,431.14314696519,419.43661118667,425.82646965619,52927821,22768028849.94
2026-04-21,428.28789433628,443.18443650021,418.54065260311,440.69347472396,57774562,25412275748.93
2026-04-22,441.01,447.97,433.13,436.35,46025432,20173924647.54
2026-04-23,443.5,443.6,435,438.9,35430966,15566836621.18
2026-04-24,442,448.45,438,444.9,39542497,17517374359.15
2026-04-27,444.63,448.76,433.8,434.88,33061283,14514326132.36
2026-04-28,426.19,433.3,423,427.67,35012113,14992134063.18
2026-04-29,432,445.15,428,445,37633560,16473164317.55
2026-04-30,446.5,449.5,436,436,29812094,13127297981.61
2026-05-06,457.5,465.88,448.63,460,47372718,21679900613.27
2026-05-07,468.75,468.75,447,451.64,38621274,17551196925.09
2026-05-08,449,455.5,436.2,437,36604851,16224287222.18
2026-05-11,440,450.51,435.1,446.11,34190101,15198345088.49
2026-05-12,446.59,446.85,429.29,431.25,34151497,14869224127.69
2026-05-13,431.01,436.58,427.08,434.05,31685823,13668347813.82
2026-05-14,449.38,450.45,427,427,34704614,15157645640.1
2026-05-15,428.08,431.5,421,423.6,29704893,12638150861.85
2026-05-18,420.58,422.9,414,417.23,28498347,11894351176.41
2026-05-19,415.86,419.9,406.8,417.92,26087668,10805349153.43
2026-05-20,417,422.99,412.66,414.75,28119031,11734883867.81
2026-05-21,419.87,427.62,411.42,411.63,33867172,14239107292.91
2026-05-22,414.7,416.5,410,411.16,27788381,11472585703.44
2026-05-25,411.28,414.5,400,402.88,38197710,15479408961.51
2026-05-26,406.19,408.77,400.36,402.5,35062703,14152427064.2
2026-05-27,413.92,428.9,411.29,414.8,53372888,22373358897.11
2026-05-28,420,420.58,406.2,415.68,32777149,13502296106.57
2026-05-29,423,430.86,416.55,424,49811891,21139031903.92
2026-06-01,432.1,438.24,418.18,420.1,38600452,16554495936.48
2026-06-02,425,437.75,423,433.89,38798160,16719046201.41
2026-06-03,437,437,420.1,426.42,38552608,16460790912.52
2026-06-04,426.42,426.9,407.18,408.2,43115462,17788218035.16
2026-06-05,407.89,412.65,402.7,403,28738930,11711423569.5
2026-06-08,395.8,402.68,390.7,393.02,28652636,11335280869.7
2026-06-09,399.99,401.87,388,399.5,27735147,10926469616.65
2026-06-10,395.28,399,385.12,388.5,24435715,9535581227.17
2026-06-11,386.98,391.34,380.03,382.2,26865447,10301875915.65
2026-06-12,389.99,399.54,383.3,394.85,41420838,16278999883.4
2026-06-15,402,407.9,393.41,398.1,34074882,13613555701.18
2026-06-16,408.88,409.02,398.5,403.53,34839262,14107808734.81
2026-06-17,400,403.3,395.58,399,25009264,9965557905.66
2026-06-18,400.39,409.89,389.92,391.55,38548105,15327443707.02
2026-06-22,393,413.33,386,408.98,59464844,23926025745.97
2026-06-23,411,414.04,390.73,392.51,37374094,14957779394.11
2026-06-24,392,399.27,386.66,395.36,34427057,13521407675.73
2026-06-25,399.88,402.55,392.58,401.9,32404638,12900279038.11
2026-06-26,401,409.81,381,381,46525303,18133875467.49
2026-06-29,386.96,396,378.2,392.36,42525908,16529881652.53
2026-06-30,392.49,402.36,390,393.01,27038346,10665434439.04
2026-07-01,390,391,370,383.84,44088579,16758898184
2026-07-02,387.68,390.99,380.39,382.35,34075435,13139767259.36
2026-07-03,381.96,387.95,379,380,25884940,9910832542.24
2026-07-06,379.23,381.89,374.05,374.51,21648005,8167456241.12
2026-07-07,376,378.88,370.76,372.49,20848582,7796643168.18
2026-07-08,374,376.68,361,361,27051874,9902742689.32
2026-07-09,361,376.66,360.07,375.5,37794162,13905775669.81
2026-07-10,375,375.2,346.16,348.76,55601355,19867664607.17
2026-07-13,349,362,348,359.06,46290681,16540015163.16
2026-07-14,352.6,364.63,352.49,364.01,43631637,15701875681.92
2026-07-15,368.01,379.99,363.08,373,35849258,13440215220.78
2026-07-16,369.48,375.02,364.5,366.2,25186882,9290699880.4
2026-07-17,372.3,375.24,360,360,51245336,18846714585.55
2026-07-20,354,377.6,353.8,376.43,44790768,16632779398.89
2026-07-21,372.67,391,372.5,382.2,44036045,16935106631.27
2026-07-22,382.85,385,369.87,372.26,31193761,11690411404.25
2026-07-23,373,386,366.01,385.99,35940928,13610468721.53
2026-07-24,383.18,390.86,382.65,383.01,25454224,9822803975.12
2026-07-27,398.01,403.8,394,400,47327210,18875798862.66
2026-07-28,396.26,399.99,390.86,390.86,37191082,14652804727.44
2026-07-29,390,401.86,381.38,396.84,40435873,15926245585.82
2026-07-30,390,403.8,389.8,401.88,45239048,18103458993.72
